date,series_id,name_en,name_cn,panel,close,source
2025-08-01,HSHCI.HK,Hang Seng Healthcare,恒生医疗保健,hk,4132.88,iFind
2025-08-04,HSHCI.HK,Hang Seng Healthcare,恒生医疗保健,hk,4149.84,iFind
2025-08-05,HSHCI.HK,Hang Seng Healthcare,恒生医疗保健,hk,4300.12,iFind
2025-08-06,HSHCI.HK,Hang Seng Healthcare,恒生医疗保健,hk,4307.28,iFind
2025-08-07,HSHCI.HK,Hang Seng Healthcare,恒生医疗保健,hk,4181.14,iFind
2025-08-08,HSHCI.HK,Hang Seng Healthcare,恒生医疗保健,hk,4142.35,iFind
2025-08-11,HSHCI.HK,Hang Seng Healthcare,恒生医疗保健,hk,4166.26,iFind
2025-08-12,HSHCI.HK,Hang Seng Healthcare,恒生医疗保健,hk,4122.98,iFind
2025-08-13,HSHCI.HK,Hang Seng Healthcare,恒生医疗保健,hk,4302.61,iFind
2025-08-14,HSHCI.HK,Hang Seng Healthcare,恒生医疗保健,hk,4327.42,iFind
2025-08-15,HSHCI.HK,Hang Seng Healthcare,恒生医疗保健,hk,4437.44,iFind
2025-08-18,HSHCI.HK,Hang Seng Healthcare,恒生医疗保健,hk,4506.12,iFind
2025-08-19,HSHCI.HK,Hang Seng Healthcare,恒生医疗保健,hk,4434.47,iFind
2025-08-20,HSHCI.HK,Hang Seng Healthcare,恒生医疗保健,hk,4320.81,iFind
2025-08-21,HSHCI.HK,Hang Seng Healthcare,恒生医疗保健,hk,4418.24,iFind
2025-08-22,HSHCI.HK,Hang Seng Healthcare,恒生医疗保健,hk,4478.65,iFind
2025-08-25,HSHCI.HK,Hang Seng Healthcare,恒生医疗保健,hk,4505.49,iFind
2025-08-26,HSHCI.HK,Hang Seng Healthcare,恒生医疗保健,hk,4446.66,iFind
2025-08-27,HSHCI.HK,Hang Seng Healthcare,恒生医疗保健,hk,4256.54,iFind
2025-08-28,HSHCI.HK,Hang Seng Healthcare,恒生医疗保健,hk,4178.55,iFind
2025-08-29,HSHCI.HK,Hang Seng Healthcare,恒生医疗保健,hk,4325.82,iFind
2025-09-01,HSHCI.HK,Hang Seng Healthcare,恒生医疗保健,hk,4539.64,iFind
2025-09-02,HSHCI.HK,Hang Seng Healthcare,恒生医疗保健,hk,4542.6,iFind
2025-09-03,HSHCI.HK,Hang Seng Healthcare,恒生医疗保健,hk,4615.09,iFind
2025-09-04,HSHCI.HK,Hang Seng Healthcare,恒生医疗保健,hk,4440.62,iFind
2025-09-05,HSHCI.HK,Hang Seng Healthcare,恒生医疗保健,hk,4628.01,iFind
2025-09-08,HSHCI.HK,Hang Seng Healthcare,恒生医疗保健,hk,4662.32,iFind
2025-09-09,HSHCI.HK,Hang Seng Healthcare,恒生医疗保健,hk,4654.31,iFind
2025-09-10,HSHCI.HK,Hang Seng Healthcare,恒生医疗保健,hk,4610.42,iFind
2025-09-11,HSHCI.HK,Hang Seng Healthcare,恒生医疗保健,hk,4476.17,iFind
2025-09-12,HSHCI.HK,Hang Seng Healthcare,恒生医疗保健,hk,4561.82,iFind
2025-09-15,HSHCI.HK,Hang Seng Healthcare,恒生医疗保健,hk,4569.35,iFind
2025-09-16,HSHCI.HK,Hang Seng Healthcare,恒生医疗保健,hk,4522.55,iFind
2025-09-17,HSHCI.HK,Hang Seng Healthcare,恒生医疗保健,hk,4522.93,iFind
2025-09-18,HSHCI.HK,Hang Seng Healthcare,恒生医疗保健,hk,4544.59,iFind
2025-09-19,HSHCI.HK,Hang Seng Healthcare,恒生医疗保健,hk,4472.64,iFind
2025-09-22,HSHCI.HK,Hang Seng Healthcare,恒生医疗保健,hk,4526.94,iFind
2025-09-23,HSHCI.HK,Hang Seng Healthcare,恒生医疗保健,hk,4458.11,iFind
2025-09-24,HSHCI.HK,Hang Seng Healthcare,恒生医疗保健,hk,4435.84,iFind
2025-09-25,HSHCI.HK,Hang Seng Healthcare,恒生医疗保健,hk,4452.33,iFind
2025-09-26,HSHCI.HK,Hang Seng Healthcare,恒生医疗保健,hk,4347.63,iFind
2025-09-29,HSHCI.HK,Hang Seng Healthcare,恒生医疗保健,hk,4428.11,iFind
2025-09-30,HSHCI.HK,Hang Seng Healthcare,恒生医疗保健,hk,4551.28,iFind
2025-10-02,HSHCI.HK,Hang Seng Healthcare,恒生医疗保健,hk,4660.55,iFind
2025-10-03,HSHCI.HK,Hang Seng Healthcare,恒生医疗保健,hk,4637.4,iFind
2025-10-06,HSHCI.HK,Hang Seng Healthcare,恒生医疗保健,hk,4633.75,iFind
2025-10-08,HSHCI.HK,Hang Seng Healthcare,恒生医疗保健,hk,4695.04,iFind
2025-10-09,HSHCI.HK,Hang Seng Healthcare,恒生医疗保健,hk,4462.39,iFind
2025-10-10,HSHCI.HK,Hang Seng Healthcare,恒生医疗保健,hk,4339.05,iFind
2025-10-13,HSHCI.HK,Hang Seng Healthcare,恒生医疗保健,hk,4254.3,iFind
2025-10-14,HSHCI.HK,Hang Seng Healthcare,恒生医疗保健,hk,4073.34,iFind
2025-10-15,HSHCI.HK,Hang Seng Healthcare,恒生医疗保健,hk,4185.67,iFind
2025-10-16,HSHCI.HK,Hang Seng Healthcare,恒生医疗保健,hk,4239.02,iFind
2025-10-17,HSHCI.HK,Hang Seng Healthcare,恒生医疗保健,hk,4087.64,iFind
2025-10-20,HSHCI.HK,Hang Seng Healthcare,恒生医疗保健,hk,4142.09,iFind
2025-10-21,HSHCI.HK,Hang Seng Healthcare,恒生医疗保健,hk,4154.21,iFind
2025-10-22,HSHCI.HK,Hang Seng Healthcare,恒生医疗保健,hk,4078.48,iFind
2025-10-23,HSHCI.HK,Hang Seng Healthcare,恒生医疗保健,hk,4027.98,iFind
2025-10-24,HSHCI.HK,Hang Seng Healthcare,恒生医疗保健,hk,4052.95,iFind
2025-10-27,HSHCI.HK,Hang Seng Healthcare,恒生医疗保健,hk,4094.03,iFind
2025-10-28,HSHCI.HK,Hang Seng Healthcare,恒生医疗保健,hk,4037.81,iFind
2025-10-30,HSHCI.HK,Hang Seng Healthcare,恒生医疗保健,hk,3969.9,iFind
2025-10-31,HSHCI.HK,Hang Seng Healthcare,恒生医疗保健,hk,4048.32,iFind
2025-11-03,HSHCI.HK,Hang Seng Healthcare,恒生医疗保健,hk,4103.52,iFind
2025-11-04,HSHCI.HK,Hang Seng Healthcare,恒生医疗保健,hk,3987.12,iFind
2025-11-05,HSHCI.HK,Hang Seng Healthcare,恒生医疗保健,hk,4003.85,iFind
2025-11-06,HSHCI.HK,Hang Seng Healthcare,恒生医疗保健,hk,4033.47,iFind
2025-11-07,HSHCI.HK,Hang Seng Healthcare,恒生医疗保健,hk,3942.42,iFind
2025-11-10,HSHCI.HK,Hang Seng Healthcare,恒生医疗保健,hk,4002.54,iFind
2025-11-11,HSHCI.HK,Hang Seng Healthcare,恒生医疗保健,hk,3995.38,iFind
2025-11-12,HSHCI.HK,Hang Seng Healthcare,恒生医疗保健,hk,4093.61,iFind
2025-11-13,HSHCI.HK,Hang Seng Healthcare,恒生医疗保健,hk,4239.6,iFind
2025-11-14,HSHCI.HK,Hang Seng Healthcare,恒生医疗保健,hk,4210.62,iFind
2025-11-17,HSHCI.HK,Hang Seng Healthcare,恒生医疗保健,hk,4137.12,iFind
2025-11-18,HSHCI.HK,Hang Seng Healthcare,恒生医疗保健,hk,4068.37,iFind
2025-11-19,HSHCI.HK,Hang Seng Healthcare,恒生医疗保健,hk,4048.1,iFind
2025-11-20,HSHCI.HK,Hang Seng Healthcare,恒生医疗保健,hk,4081.45,iFind
2025-11-21,HSHCI.HK,Hang Seng Healthcare,恒生医疗保健,hk,3894.96,iFind
2025-11-24,HSHCI.HK,Hang Seng Healthcare,恒生医疗保健,hk,4012.32,iFind
2025-11-25,HSHCI.HK,Hang Seng Healthcare,恒生医疗保健,hk,4033.24,iFind
2025-11-26,HSHCI.HK,Hang Seng Healthcare,恒生医疗保健,hk,4076.79,iFind
2025-11-27,HSHCI.HK,Hang Seng Healthcare,恒生医疗保健,hk,4081.18,iFind
2025-11-28,HSHCI.HK,Hang Seng Healthcare,恒生医疗保健,hk,4044.78,iFind
2025-12-01,HSHCI.HK,Hang Seng Healthcare,恒生医疗保健,hk,4057.02,iFind
2025-12-02,HSHCI.HK,Hang Seng Healthcare,恒生医疗保健,hk,4012.36,iFind
2025-12-03,HSHCI.HK,Hang Seng Healthcare,恒生医疗保健,hk,3938.98,iFind
2025-12-04,HSHCI.HK,Hang Seng Healthcare,恒生医疗保健,hk,4023.84,iFind
2025-12-05,HSHCI.HK,Hang Seng Healthcare,恒生医疗保健,hk,4016.25,iFind
2025-12-08,HSHCI.HK,Hang Seng Healthcare,恒生医疗保健,hk,3957.53,iFind
2025-12-09,HSHCI.HK,Hang Seng Healthcare,恒生医疗保健,hk,3911.61,iFind
2025-12-10,HSHCI.HK,Hang Seng Healthcare,恒生医疗保健,hk,3887.94,iFind
2025-12-11,HSHCI.HK,Hang Seng Healthcare,恒生医疗保健,hk,3865.23,iFind
2025-12-12,HSHCI.HK,Hang Seng Healthcare,恒生医疗保健,hk,3925.5,iFind
2025-12-15,HSHCI.HK,Hang Seng Healthcare,恒生医疗保健,hk,3781.95,iFind
2025-12-16,HSHCI.HK,Hang Seng Healthcare,恒生医疗保健,hk,3747.74,iFind
2025-12-17,HSHCI.HK,Hang Seng Healthcare,恒生医疗保健,hk,3768.14,iFind
2025-12-18,HSHCI.HK,Hang Seng Healthcare,恒生医疗保健,hk,3785.44,iFind
2025-12-19,HSHCI.HK,Hang Seng Healthcare,恒生医疗保健,hk,3855.9,iFind
2025-12-22,HSHCI.HK,Hang Seng Healthcare,恒生医疗保健,hk,3829.98,iFind
2025-12-23,HSHCI.HK,Hang Seng Healthcare,恒生医疗保健,hk,3806.53,iFind
2025-12-24,HSHCI.HK,Hang Seng Healthcare,恒生医疗保健,hk,3786.06,iFind
2025-12-29,HSHCI.HK,Hang Seng Healthcare,恒生医疗保健,hk,3728.65,iFind
2025-12-30,HSHCI.HK,Hang Seng Healthcare,恒生医疗保健,hk,3709.25,iFind
2025-12-31,HSHCI.HK,Hang Seng Healthcare,恒生医疗保健,hk,3661.52,iFind
2026-01-02,HSHCI.HK,Hang Seng Healthcare,恒生医疗保健,hk,3732.41,iFind
2026-01-05,HSHCI.HK,Hang Seng Healthcare,恒生医疗保健,hk,3875.52,iFind
2026-01-06,HSHCI.HK,Hang Seng Healthcare,恒生医疗保健,hk,3928.56,iFind
2026-01-07,HSHCI.HK,Hang Seng Healthcare,恒生医疗保健,hk,4073.78,iFind
2026-01-08,HSHCI.HK,Hang Seng Healthcare,恒生医疗保健,hk,4069.71,iFind
2026-01-09,HSHCI.HK,Hang Seng Healthcare,恒生医疗保健,hk,4115.18,iFind
2026-01-12,HSHCI.HK,Hang Seng Healthcare,恒生医疗保健,hk,4161.32,iFind
2026-01-13,HSHCI.HK,Hang Seng Healthcare,恒生医疗保健,hk,4231.49,iFind
2026-01-14,HSHCI.HK,Hang Seng Healthcare,恒生医疗保健,hk,4286.88,iFind
2026-01-15,HSHCI.HK,Hang Seng Healthcare,恒生医疗保健,hk,4235.74,iFind
2026-01-16,HSHCI.HK,Hang Seng Healthcare,恒生医疗保健,hk,4213.16,iFind
2026-01-19,HSHCI.HK,Hang Seng Healthcare,恒生医疗保健,hk,4094.97,iFind
2026-01-20,HSHCI.HK,Hang Seng Healthcare,恒生医疗保健,hk,4063.62,iFind
2026-01-21,HSHCI.HK,Hang Seng Healthcare,恒生医疗保健,hk,4091.67,iFind
2026-01-22,HSHCI.HK,Hang Seng Healthcare,恒生医疗保健,hk,4051.33,iFind
2026-01-23,HSHCI.HK,Hang Seng Healthcare,恒生医疗保健,hk,4097.1,iFind
2026-01-26,HSHCI.HK,Hang Seng Healthcare,恒生医疗保健,hk,4032.36,iFind
2026-01-27,HSHCI.HK,Hang Seng Healthcare,恒生医疗保健,hk,4038.17,iFind
2026-01-28,HSHCI.HK,Hang Seng Healthcare,恒生医疗保健,hk,4094.36,iFind
2026-01-29,HSHCI.HK,Hang Seng Healthcare,恒生医疗保健,hk,4061.66,iFind
2026-01-30,HSHCI.HK,Hang Seng Healthcare,恒生医疗保健,hk,3974.92,iFind
2026-02-02,HSHCI.HK,Hang Seng Healthcare,恒生医疗保健,hk,3837.63,iFind
2026-02-03,HSHCI.HK,Hang Seng Healthcare,恒生医疗保健,hk,3890.78,iFind
2026-02-04,HSHCI.HK,Hang Seng Healthcare,恒生医疗保健,hk,3908.44,iFind
2026-02-05,HSHCI.HK,Hang Seng Healthcare,恒生医疗保健,hk,3932.93,iFind
2026-02-06,HSHCI.HK,Hang Seng Healthcare,恒生医疗保健,hk,3918.69,iFind
2026-02-09,HSHCI.HK,Hang Seng Healthcare,恒生医疗保健,hk,3999.78,iFind
2026-02-10,HSHCI.HK,Hang Seng Healthcare,恒生医疗保健,hk,4087.79,iFind
2026-02-11,HSHCI.HK,Hang Seng Healthcare,恒生医疗保健,hk,4114.24,iFind
2026-02-12,HSHCI.HK,Hang Seng Healthcare,恒生医疗保健,hk,4058.15,iFind
2026-02-13,HSHCI.HK,Hang Seng Healthcare,恒生医疗保健,hk,4044.57,iFind
2026-02-16,HSHCI.HK,Hang Seng Healthcare,恒生医疗保健,hk,4053.85,iFind
2026-02-20,HSHCI.HK,Hang Seng Healthcare,恒生医疗保健,hk,4075.4,iFind
2026-02-23,HSHCI.HK,Hang Seng Healthcare,恒生医疗保健,hk,4140.96,iFind
2026-02-24,HSHCI.HK,Hang Seng Healthcare,恒生医疗保健,hk,4013.68,iFind
2026-02-25,HSHCI.HK,Hang Seng Healthcare,恒生医疗保健,hk,4005.05,iFind
2026-02-26,HSHCI.HK,Hang Seng Healthcare,恒生医疗保健,hk,3823.39,iFind
2026-02-27,HSHCI.HK,Hang Seng Healthcare,恒生医疗保健,hk,3889.51,iFind
2026-03-02,HSHCI.HK,Hang Seng Healthcare,恒生医疗保健,hk,3756.75,iFind
2026-03-03,HSHCI.HK,Hang Seng Healthcare,恒生医疗保健,hk,3625.27,iFind
2026-03-04,HSHCI.HK,Hang Seng Healthcare,恒生医疗保健,hk,3538.59,iFind
2026-03-05,HSHCI.HK,Hang Seng Healthcare,恒生医疗保健,hk,3584.65,iFind
2026-03-06,HSHCI.HK,Hang Seng Healthcare,恒生医疗保健,hk,3719.99,iFind
2026-03-09,HSHCI.HK,Hang Seng Healthcare,恒生医疗保健,hk,3668.73,iFind
2026-03-10,HSHCI.HK,Hang Seng Healthcare,恒生医疗保健,hk,3791.24,iFind
2026-03-11,HSHCI.HK,Hang Seng Healthcare,恒生医疗保健,hk,3748.51,iFind
2026-03-12,HSHCI.HK,Hang Seng Healthcare,恒生医疗保健,hk,3677.12,iFind
2026-03-13,HSHCI.HK,Hang Seng Healthcare,恒生医疗保健,hk,3610.89,iFind
2026-03-16,HSHCI.HK,Hang Seng Healthcare,恒生医疗保健,hk,3703.48,iFind
2026-03-17,HSHCI.HK,Hang Seng Healthcare,恒生医疗保健,hk,3720.66,iFind
2026-03-18,HSHCI.HK,Hang Seng Healthcare,恒生医疗保健,hk,3761.83,iFind
2026-03-19,HSHCI.HK,Hang Seng Healthcare,恒生医疗保健,hk,3650.84,iFind
2026-03-20,HSHCI.HK,Hang Seng Healthcare,恒生医疗保健,hk,3600.18,iFind
2026-03-23,HSHCI.HK,Hang Seng Healthcare,恒生医疗保健,hk,3455.55,iFind
2026-03-24,HSHCI.HK,Hang Seng Healthcare,恒生医疗保健,hk,3580.15,iFind
2026-03-25,HSHCI.HK,Hang Seng Healthcare,恒生医疗保健,hk,3606.29,iFind
2026-03-26,HSHCI.HK,Hang Seng Healthcare,恒生医疗保健,hk,3533.0,iFind
2026-03-27,HSHCI.HK,Hang Seng Healthcare,恒生医疗保健,hk,3704.29,iFind
2026-03-30,HSHCI.HK,Hang Seng Healthcare,恒生医疗保健,hk,3695.1,iFind
2026-03-31,HSHCI.HK,Hang Seng Healthcare,恒生医疗保健,hk,3688.14,iFind
2026-04-01,HSHCI.HK,Hang Seng Healthcare,恒生医疗保健,hk,3923.99,iFind
2026-04-02,HSHCI.HK,Hang Seng Healthcare,恒生医疗保健,hk,3954.15,iFind
2026-04-08,HSHCI.HK,Hang Seng Healthcare,恒生医疗保健,hk,3927.25,iFind
2026-04-09,HSHCI.HK,Hang Seng Healthcare,恒生医疗保健,hk,3888.83,iFind
2026-04-10,HSHCI.HK,Hang Seng Healthcare,恒生医疗保健,hk,3915.05,iFind
2026-04-13,HSHCI.HK,Hang Seng Healthcare,恒生医疗保健,hk,3842.53,iFind
2026-04-14,HSHCI.HK,Hang Seng Healthcare,恒生医疗保健,hk,3881.91,iFind
2026-04-15,HSHCI.HK,Hang Seng Healthcare,恒生医疗保健,hk,4019.85,iFind
2026-04-16,HSHCI.HK,Hang Seng Healthcare,恒生医疗保健,hk,4060.89,iFind
2026-04-17,HSHCI.HK,Hang Seng Healthcare,恒生医疗保健,hk,3993.81,iFind
2026-04-20,HSHCI.HK,Hang Seng Healthcare,恒生医疗保健,hk,3976.97,iFind
2026-04-21,HSHCI.HK,Hang Seng Healthcare,恒生医疗保健,hk,3954.08,iFind
2026-04-22,HSHCI.HK,Hang Seng Healthcare,恒生医疗保健,hk,3912.6,iFind
2026-04-23,HSHCI.HK,Hang Seng Healthcare,恒生医疗保健,hk,3774.85,iFind
2026-04-24,HSHCI.HK,Hang Seng Healthcare,恒生医疗保健,hk,3789.1,iFind
2026-04-27,HSHCI.HK,Hang Seng Healthcare,恒生医疗保健,hk,3747.94,iFind
2026-04-28,HSHCI.HK,Hang Seng Healthcare,恒生医疗保健,hk,3731.24,iFind
2026-04-29,HSHCI.HK,Hang Seng Healthcare,恒生医疗保健,hk,3739.86,iFind
2026-04-30,HSHCI.HK,Hang Seng Healthcare,恒生医疗保健,hk,3730.51,iFind
2026-05-04,HSHCI.HK,Hang Seng Healthcare,恒生医疗保健,hk,3751.89,iFind
2026-05-05,HSHCI.HK,Hang Seng Healthcare,恒生医疗保健,hk,3718.98,iFind
2026-05-06,HSHCI.HK,Hang Seng Healthcare,恒生医疗保健,hk,3713.65,iFind
2026-05-07,HSHCI.HK,Hang Seng Healthcare,恒生医疗保健,hk,3783.05,iFind
2026-05-08,HSHCI.HK,Hang Seng Healthcare,恒生医疗保健,hk,3727.91,iFind
2026-05-11,HSHCI.HK,Hang Seng Healthcare,恒生医疗保健,hk,3729.41,iFind
2026-05-12,HSHCI.HK,Hang Seng Healthcare,恒生医疗保健,hk,3711.42,iFind
2026-05-13,HSHCI.HK,Hang Seng Healthcare,恒生医疗保健,hk,3669.8,iFind
2026-05-14,HSHCI.HK,Hang Seng Healthcare,恒生医疗保健,hk,3604.77,iFind
2026-05-15,HSHCI.HK,Hang Seng Healthcare,恒生医疗保健,hk,3525.03,iFind
2026-05-18,HSHCI.HK,Hang Seng Healthcare,恒生医疗保健,hk,3430.49,iFind
2026-05-19,HSHCI.HK,Hang Seng Healthcare,恒生医疗保健,hk,3411.86,iFind
2026-05-20,HSHCI.HK,Hang Seng Healthcare,恒生医疗保健,hk,3419.47,iFind
2026-05-21,HSHCI.HK,Hang Seng Healthcare,恒生医疗保健,hk,3444.19,iFind
2026-05-22,HSHCI.HK,Hang Seng Healthcare,恒生医疗保健,hk,3448.61,iFind
2026-05-26,HSHCI.HK,Hang Seng Healthcare,恒生医疗保健,hk,3419.48,iFind
2026-05-27,HSHCI.HK,Hang Seng Healthcare,恒生医疗保健,hk,3392.0,iFind
2026-05-28,HSHCI.HK,Hang Seng Healthcare,恒生医疗保健,hk,3266.22,iFind
2026-05-29,HSHCI.HK,Hang Seng Healthcare,恒生医疗保健,hk,3383.26,iFind
2026-06-01,HSHCI.HK,Hang Seng Healthcare,恒生医疗保健,hk,3357.89,iFind
2025-08-01,HSI.HK,Hang Seng Index,恒生指数,hk,24507.81,iFind
2025-08-04,HSI.HK,Hang Seng Index,恒生指数,hk,24733.45,iFind
2025-08-05,HSI.HK,Hang Seng Index,恒生指数,hk,24902.53,iFind
2025-08-06,HSI.HK,Hang Seng Index,恒生指数,hk,24910.63,iFind
2025-08-07,HSI.HK,Hang Seng Index,恒生指数,hk,25081.63,iFind
2025-08-08,HSI.HK,Hang Seng Index,恒生指数,hk,24858.82,iFind
2025-08-11,HSI.HK,Hang Seng Index,恒生指数,hk,24906.81,iFind
2025-08-12,HSI.HK,Hang Seng Index,恒生指数,hk,24969.68,iFind
2025-08-13,HSI.HK,Hang Seng Index,恒生指数,hk,25613.67,iFind
2025-08-14,HSI.HK,Hang Seng Index,恒生指数,hk,25519.32,iFind
2025-08-15,HSI.HK,Hang Seng Index,恒生指数,hk,25270.07,iFind
2025-08-18,HSI.HK,Hang Seng Index,恒生指数,hk,25176.85,iFind
2025-08-19,HSI.HK,Hang Seng Index,恒生指数,hk,25122.9,iFind
2025-08-20,HSI.HK,Hang Seng Index,恒生指数,hk,25165.94,iFind
2025-08-21,HSI.HK,Hang Seng Index,恒生指数,hk,25104.61,iFind
2025-08-22,HSI.HK,Hang Seng Index,恒生指数,hk,25339.14,iFind
2025-08-25,HSI.HK,Hang Seng Index,恒生指数,hk,25829.91,iFind
2025-08-26,HSI.HK,Hang Seng Index,恒生指数,hk,25524.92,iFind
2025-08-27,HSI.HK,Hang Seng Index,恒生指数,hk,25201.76,iFind
2025-08-28,HSI.HK,Hang Seng Index,恒生指数,hk,24998.82,iFind
2025-08-29,HSI.HK,Hang Seng Index,恒生指数,hk,25077.62,iFind
2025-09-01,HSI.HK,Hang Seng Index,恒生指数,hk,25617.42,iFind
2025-09-02,HSI.HK,Hang Seng Index,恒生指数,hk,25496.55,iFind
2025-09-03,HSI.HK,Hang Seng Index,恒生指数,hk,25343.43,iFind
2025-09-04,HSI.HK,Hang Seng Index,恒生指数,hk,25058.51,iFind
2025-09-05,HSI.HK,Hang Seng Index,恒生指数,hk,25417.98,iFind
2025-09-08,HSI.HK,Hang Seng Index,恒生指数,hk,25633.91,iFind
2025-09-09,HSI.HK,Hang Seng Index,恒生指数,hk,25938.13,iFind
2025-09-10,HSI.HK,Hang Seng Index,恒生指数,hk,26200.26,iFind
2025-09-11,HSI.HK,Hang Seng Index,恒生指数,hk,26086.32,iFind
2025-09-12,HSI.HK,Hang Seng Index,恒生指数,hk,26388.16,iFind
2025-09-15,HSI.HK,Hang Seng Index,恒生指数,hk,26446.56,iFind
2025-09-16,HSI.HK,Hang Seng Index,恒生指数,hk,26438.51,iFind
2025-09-17,HSI.HK,Hang Seng Index,恒生指数,hk,26908.39,iFind
2025-09-18,HSI.HK,Hang Seng Index,恒生指数,hk,26544.85,iFind
2025-09-19,HSI.HK,Hang Seng Index,恒生指数,hk,26545.1,iFind
2025-09-22,HSI.HK,Hang Seng Index,恒生指数,hk,26344.14,iFind
2025-09-23,HSI.HK,Hang Seng Index,恒生指数,hk,26159.12,iFind
2025-09-24,HSI.HK,Hang Seng Index,恒生指数,hk,26518.65,iFind
2025-09-25,HSI.HK,Hang Seng Index,恒生指数,hk,26484.68,iFind
2025-09-26,HSI.HK,Hang Seng Index,恒生指数,hk,26128.2,iFind
2025-09-29,HSI.HK,Hang Seng Index,恒生指数,hk,26622.88,iFind
2025-09-30,HSI.HK,Hang Seng Index,恒生指数,hk,26855.56,iFind
2025-10-02,HSI.HK,Hang Seng Index,恒生指数,hk,27287.12,iFind
2025-10-03,HSI.HK,Hang Seng Index,恒生指数,hk,27140.92,iFind
2025-10-06,HSI.HK,Hang Seng Index,恒生指数,hk,26957.77,iFind
2025-10-08,HSI.HK,Hang Seng Index,恒生指数,hk,26829.46,iFind
2025-10-09,HSI.HK,Hang Seng Index,恒生指数,hk,26752.59,iFind
2025-10-10,HSI.HK,Hang Seng Index,恒生指数,hk,26290.32,iFind
2025-10-13,HSI.HK,Hang Seng Index,恒生指数,hk,25889.48,iFind
2025-10-14,HSI.HK,Hang Seng Index,恒生指数,hk,25441.35,iFind
2025-10-15,HSI.HK,Hang Seng Index,恒生指数,hk,25910.6,iFind
2025-10-16,HSI.HK,Hang Seng Index,恒生指数,hk,25888.51,iFind
2025-10-17,HSI.HK,Hang Seng Index,恒生指数,hk,25247.1,iFind
2025-10-20,HSI.HK,Hang Seng Index,恒生指数,hk,25858.83,iFind
2025-10-21,HSI.HK,Hang Seng Index,恒生指数,hk,26027.55,iFind
2025-10-22,HSI.HK,Hang Seng Index,恒生指数,hk,25781.77,iFind
2025-10-23,HSI.HK,Hang Seng Index,恒生指数,hk,25967.98,iFind
2025-10-24,HSI.HK,Hang Seng Index,恒生指数,hk,26160.15,iFind
2025-10-27,HSI.HK,Hang Seng Index,恒生指数,hk,26433.7,iFind
2025-10-28,HSI.HK,Hang Seng Index,恒生指数,hk,26346.14,iFind
2025-10-30,HSI.HK,Hang Seng Index,恒生指数,hk,26282.69,iFind
2025-10-31,HSI.HK,Hang Seng Index,恒生指数,hk,25906.65,iFind
2025-11-03,HSI.HK,Hang Seng Index,恒生指数,hk,26158.36,iFind
2025-11-04,HSI.HK,Hang Seng Index,恒生指数,hk,25952.4,iFind
2025-11-05,HSI.HK,Hang Seng Index,恒生指数,hk,25935.41,iFind
2025-11-06,HSI.HK,Hang Seng Index,恒生指数,hk,26485.9,iFind
2025-11-07,HSI.HK,Hang Seng Index,恒生指数,hk,26241.83,iFind
2025-11-10,HSI.HK,Hang Seng Index,恒生指数,hk,26649.06,iFind
2025-11-11,HSI.HK,Hang Seng Index,恒生指数,hk,26696.41,iFind
2025-11-12,HSI.HK,Hang Seng Index,恒生指数,hk,26922.73,iFind
2025-11-13,HSI.HK,Hang Seng Index,恒生指数,hk,27073.03,iFind
2025-11-14,HSI.HK,Hang Seng Index,恒生指数,hk,26572.46,iFind
2025-11-17,HSI.HK,Hang Seng Index,恒生指数,hk,26384.28,iFind
2025-11-18,HSI.HK,Hang Seng Index,恒生指数,hk,25930.03,iFind
2025-11-19,HSI.HK,Hang Seng Index,恒生指数,hk,25830.65,iFind
2025-11-20,HSI.HK,Hang Seng Index,恒生指数,hk,25835.57,iFind
2025-11-21,HSI.HK,Hang Seng Index,恒生指数,hk,25220.02,iFind
2025-11-24,HSI.HK,Hang Seng Index,恒生指数,hk,25716.5,iFind
2025-11-25,HSI.HK,Hang Seng Index,恒生指数,hk,25894.55,iFind
2025-11-26,HSI.HK,Hang Seng Index,恒生指数,hk,25928.08,iFind
2025-11-27,HSI.HK,Hang Seng Index,恒生指数,hk,25945.93,iFind
2025-11-28,HSI.HK,Hang Seng Index,恒生指数,hk,25858.89,iFind
2025-12-01,HSI.HK,Hang Seng Index,恒生指数,hk,26033.26,iFind
2025-12-02,HSI.HK,Hang Seng Index,恒生指数,hk,26095.05,iFind
2025-12-03,HSI.HK,Hang Seng Index,恒生指数,hk,25760.73,iFind
2025-12-04,HSI.HK,Hang Seng Index,恒生指数,hk,25935.9,iFind
2025-12-05,HSI.HK,Hang Seng Index,恒生指数,hk,26085.08,iFind
2025-12-08,HSI.HK,Hang Seng Index,恒生指数,hk,25765.36,iFind
2025-12-09,HSI.HK,Hang Seng Index,恒生指数,hk,25434.23,iFind
2025-12-10,HSI.HK,Hang Seng Index,恒生指数,hk,25540.78,iFind
2025-12-11,HSI.HK,Hang Seng Index,恒生指数,hk,25530.51,iFind
2025-12-12,HSI.HK,Hang Seng Index,恒生指数,hk,25976.79,iFind
2025-12-15,HSI.HK,Hang Seng Index,恒生指数,hk,25628.88,iFind
2025-12-16,HSI.HK,Hang Seng Index,恒生指数,hk,25235.41,iFind
2025-12-17,HSI.HK,Hang Seng Index,恒生指数,hk,25468.78,iFind
2025-12-18,HSI.HK,Hang Seng Index,恒生指数,hk,25498.13,iFind
2025-12-19,HSI.HK,Hang Seng Index,恒生指数,hk,25690.53,iFind
2025-12-22,HSI.HK,Hang Seng Index,恒生指数,hk,25801.77,iFind
2025-12-23,HSI.HK,Hang Seng Index,恒生指数,hk,25774.14,iFind
2025-12-24,HSI.HK,Hang Seng Index,恒生指数,hk,25818.93,iFind
2025-12-29,HSI.HK,Hang Seng Index,恒生指数,hk,25635.23,iFind
2025-12-30,HSI.HK,Hang Seng Index,恒生指数,hk,25854.6,iFind
2025-12-31,HSI.HK,Hang Seng Index,恒生指数,hk,25630.54,iFind
2026-01-02,HSI.HK,Hang Seng Index,恒生指数,hk,26338.47,iFind
2026-01-05,HSI.HK,Hang Seng Index,恒生指数,hk,26347.24,iFind
2026-01-06,HSI.HK,Hang Seng Index,恒生指数,hk,26710.45,iFind
2026-01-07,HSI.HK,Hang Seng Index,恒生指数,hk,26458.95,iFind
2026-01-08,HSI.HK,Hang Seng Index,恒生指数,hk,26149.31,iFind
2026-01-09,HSI.HK,Hang Seng Index,恒生指数,hk,26231.79,iFind
2026-01-12,HSI.HK,Hang Seng Index,恒生指数,hk,26608.48,iFind
2026-01-13,HSI.HK,Hang Seng Index,恒生指数,hk,26848.47,iFind
2026-01-14,HSI.HK,Hang Seng Index,恒生指数,hk,26999.81,iFind
2026-01-15,HSI.HK,Hang Seng Index,恒生指数,hk,26923.62,iFind
2026-01-16,HSI.HK,Hang Seng Index,恒生指数,hk,26844.96,iFind
2026-01-19,HSI.HK,Hang Seng Index,恒生指数,hk,26563.9,iFind
2026-01-20,HSI.HK,Hang Seng Index,恒生指数,hk,26487.51,iFind
2026-01-21,HSI.HK,Hang Seng Index,恒生指数,hk,26585.06,iFind
2026-01-22,HSI.HK,Hang Seng Index,恒生指数,hk,26629.96,iFind
2026-01-23,HSI.HK,Hang Seng Index,恒生指数,hk,26749.51,iFind
2026-01-26,HSI.HK,Hang Seng Index,恒生指数,hk,26765.52,iFind
2026-01-27,HSI.HK,Hang Seng Index,恒生指数,hk,27126.95,iFind
2026-01-28,HSI.HK,Hang Seng Index,恒生指数,hk,27826.91,iFind
2026-01-29,HSI.HK,Hang Seng Index,恒生指数,hk,27968.09,iFind
2026-01-30,HSI.HK,Hang Seng Index,恒生指数,hk,27387.11,iFind
2026-02-02,HSI.HK,Hang Seng Index,恒生指数,hk,26775.57,iFind
2026-02-03,HSI.HK,Hang Seng Index,恒生指数,hk,26834.77,iFind
2026-02-04,HSI.HK,Hang Seng Index,恒生指数,hk,26847.32,iFind
2026-02-05,HSI.HK,Hang Seng Index,恒生指数,hk,26885.24,iFind
2026-02-06,HSI.HK,Hang Seng Index,恒生指数,hk,26559.95,iFind
2026-02-09,HSI.HK,Hang Seng Index,恒生指数,hk,27027.16,iFind
2026-02-10,HSI.HK,Hang Seng Index,恒生指数,hk,27183.15,iFind
2026-02-11,HSI.HK,Hang Seng Index,恒生指数,hk,27266.38,iFind
2026-02-12,HSI.HK,Hang Seng Index,恒生指数,hk,27032.54,iFind
2026-02-13,HSI.HK,Hang Seng Index,恒生指数,hk,26567.12,iFind
2026-02-16,HSI.HK,Hang Seng Index,恒生指数,hk,26705.94,iFind
2026-02-20,HSI.HK,Hang Seng Index,恒生指数,hk,26413.35,iFind
2026-02-23,HSI.HK,Hang Seng Index,恒生指数,hk,27081.91,iFind
2026-02-24,HSI.HK,Hang Seng Index,恒生指数,hk,26590.32,iFind
2026-02-25,HSI.HK,Hang Seng Index,恒生指数,hk,26765.72,iFind
2026-02-26,HSI.HK,Hang Seng Index,恒生指数,hk,26381.02,iFind
2026-02-27,HSI.HK,Hang Seng Index,恒生指数,hk,26630.54,iFind
2026-03-02,HSI.HK,Hang Seng Index,恒生指数,hk,26059.85,iFind
2026-03-03,HSI.HK,Hang Seng Index,恒生指数,hk,25768.08,iFind
2026-03-04,HSI.HK,Hang Seng Index,恒生指数,hk,25249.48,iFind
2026-03-05,HSI.HK,Hang Seng Index,恒生指数,hk,25321.34,iFind
2026-03-06,HSI.HK,Hang Seng Index,恒生指数,hk,25757.29,iFind
2026-03-09,HSI.HK,Hang Seng Index,恒生指数,hk,25408.46,iFind
2026-03-10,HSI.HK,Hang Seng Index,恒生指数,hk,25959.9,iFind
2026-03-11,HSI.HK,Hang Seng Index,恒生指数,hk,25898.76,iFind
2026-03-12,HSI.HK,Hang Seng Index,恒生指数,hk,25716.76,iFind
2026-03-13,HSI.HK,Hang Seng Index,恒生指数,hk,25465.6,iFind
2026-03-16,HSI.HK,Hang Seng Index,恒生指数,hk,25834.02,iFind
2026-03-17,HSI.HK,Hang Seng Index,恒生指数,hk,25868.54,iFind
2026-03-18,HSI.HK,Hang Seng Index,恒生指数,hk,26025.42,iFind
2026-03-19,HSI.HK,Hang Seng Index,恒生指数,hk,25500.58,iFind
2026-03-20,HSI.HK,Hang Seng Index,恒生指数,hk,25277.32,iFind
2026-03-23,HSI.HK,Hang Seng Index,恒生指数,hk,24382.47,iFind
2026-03-24,HSI.HK,Hang Seng Index,恒生指数,hk,25063.71,iFind
2026-03-25,HSI.HK,Hang Seng Index,恒生指数,hk,25335.95,iFind
2026-03-26,HSI.HK,Hang Seng Index,恒生指数,hk,24856.43,iFind
2026-03-27,HSI.HK,Hang Seng Index,恒生指数,hk,24951.88,iFind
2026-03-30,HSI.HK,Hang Seng Index,恒生指数,hk,24750.79,iFind
2026-03-31,HSI.HK,Hang Seng Index,恒生指数,hk,24788.14,iFind
2026-04-01,HSI.HK,Hang Seng Index,恒生指数,hk,25294.03,iFind
2026-04-02,HSI.HK,Hang Seng Index,恒生指数,hk,25116.53,iFind
2026-04-08,HSI.HK,Hang Seng Index,恒生指数,hk,25893.02,iFind
2026-04-09,HSI.HK,Hang Seng Index,恒生指数,hk,25752.4,iFind
2026-04-10,HSI.HK,Hang Seng Index,恒生指数,hk,25893.54,iFind
2026-04-13,HSI.HK,Hang Seng Index,恒生指数,hk,25660.85,iFind
2026-04-14,HSI.HK,Hang Seng Index,恒生指数,hk,25872.32,iFind
2026-04-15,HSI.HK,Hang Seng Index,恒生指数,hk,25947.32,iFind
2026-04-16,HSI.HK,Hang Seng Index,恒生指数,hk,26394.26,iFind
2026-04-17,HSI.HK,Hang Seng Index,恒生指数,hk,26160.33,iFind
2026-04-20,HSI.HK,Hang Seng Index,恒生指数,hk,26361.07,iFind
2026-04-21,HSI.HK,Hang Seng Index,恒生指数,hk,26487.48,iFind
2026-04-22,HSI.HK,Hang Seng Index,恒生指数,hk,26163.24,iFind
2026-04-23,HSI.HK,Hang Seng Index,恒生指数,hk,25915.2,iFind
2026-04-24,HSI.HK,Hang Seng Index,恒生指数,hk,25978.07,iFind
2026-04-27,HSI.HK,Hang Seng Index,恒生指数,hk,25925.65,iFind
2026-04-28,HSI.HK,Hang Seng Index,恒生指数,hk,25679.78,iFind
2026-04-29,HSI.HK,Hang Seng Index,恒生指数,hk,26111.84,iFind
2026-04-30,HSI.HK,Hang Seng Index,恒生指数,hk,25776.53,iFind
2026-05-04,HSI.HK,Hang Seng Index,恒生指数,hk,26095.88,iFind
2026-05-05,HSI.HK,Hang Seng Index,恒生指数,hk,25898.61,iFind
2026-05-06,HSI.HK,Hang Seng Index,恒生指数,hk,26213.78,iFind
2026-05-07,HSI.HK,Hang Seng Index,恒生指数,hk,26626.28,iFind
2026-05-08,HSI.HK,Hang Seng Index,恒生指数,hk,26393.71,iFind
2026-05-11,HSI.HK,Hang Seng Index,恒生指数,hk,26406.84,iFind
2026-05-12,HSI.HK,Hang Seng Index,恒生指数,hk,26347.91,iFind
2026-05-13,HSI.HK,Hang Seng Index,恒生指数,hk,26388.44,iFind
2026-05-14,HSI.HK,Hang Seng Index,恒生指数,hk,26389.04,iFind
2026-05-15,HSI.HK,Hang Seng Index,恒生指数,hk,25962.73,iFind
2026-05-18,HSI.HK,Hang Seng Index,恒生指数,hk,25675.18,iFind
2026-05-19,HSI.HK,Hang Seng Index,恒生指数,hk,25797.85,iFind
2026-05-20,HSI.HK,Hang Seng Index,恒生指数,hk,25651.12,iFind
2026-05-21,HSI.HK,Hang Seng Index,恒生指数,hk,25386.52,iFind
2026-05-22,HSI.HK,Hang Seng Index,恒生指数,hk,25606.03,iFind
2026-05-26,HSI.HK,Hang Seng Index,恒生指数,hk,25599.45,iFind
2026-05-27,HSI.HK,Hang Seng Index,恒生指数,hk,25328.23,iFind
2026-05-28,HSI.HK,Hang Seng Index,恒生指数,hk,25006.16,iFind
2026-05-29,HSI.HK,Hang Seng Index,恒生指数,hk,25182.39,iFind
2026-06-01,HSI.HK,Hang Seng Index,恒生指数,hk,25398.18,iFind
2025-08-01,HSTECH.HK,Hang Seng TECH,恒生科技,hk,5397.4,iFind
2025-08-04,HSTECH.HK,Hang Seng TECH,恒生科技,hk,5481.25,iFind
2025-08-05,HSTECH.HK,Hang Seng TECH,恒生科技,hk,5521.07,iFind
2025-08-06,HSTECH.HK,Hang Seng TECH,恒生科技,hk,5532.17,iFind
2025-08-07,HSTECH.HK,Hang Seng TECH,恒生科技,hk,5546.73,iFind
2025-08-08,HSTECH.HK,Hang Seng TECH,恒生科技,hk,5460.3,iFind
2025-08-11,HSTECH.HK,Hang Seng TECH,恒生科技,hk,5460.02,iFind
2025-08-12,HSTECH.HK,Hang Seng TECH,恒生科技,hk,5439.16,iFind
2025-08-13,HSTECH.HK,Hang Seng TECH,恒生科技,hk,5630.78,iFind
2025-08-14,HSTECH.HK,Hang Seng TECH,恒生科技,hk,5576.03,iFind
2025-08-15,HSTECH.HK,Hang Seng TECH,恒生科技,hk,5543.17,iFind
2025-08-18,HSTECH.HK,Hang Seng TECH,恒生科技,hk,5579.18,iFind
2025-08-19,HSTECH.HK,Hang Seng TECH,恒生科技,hk,5542.03,iFind
2025-08-20,HSTECH.HK,Hang Seng TECH,恒生科技,hk,5541.27,iFind
2025-08-21,HSTECH.HK,Hang Seng TECH,恒生科技,hk,5498.5,iFind
2025-08-22,HSTECH.HK,Hang Seng TECH,恒生科技,hk,5647.68,iFind
2025-08-25,HSTECH.HK,Hang Seng TECH,恒生科技,hk,5825.09,iFind
2025-08-26,HSTECH.HK,Hang Seng TECH,恒生科技,hk,5782.24,iFind
2025-08-27,HSTECH.HK,Hang Seng TECH,恒生科技,hk,5697.53,iFind
2025-08-28,HSTECH.HK,Hang Seng TECH,恒生科技,hk,5644.02,iFind
2025-08-29,HSTECH.HK,Hang Seng TECH,恒生科技,hk,5674.31,iFind
2025-09-01,HSTECH.HK,Hang Seng TECH,恒生科技,hk,5798.96,iFind
2025-09-02,HSTECH.HK,Hang Seng TECH,恒生科技,hk,5728.46,iFind
2025-09-03,HSTECH.HK,Hang Seng TECH,恒生科技,hk,5683.74,iFind
2025-09-04,HSTECH.HK,Hang Seng TECH,恒生科技,hk,5578.86,iFind
2025-09-05,HSTECH.HK,Hang Seng TECH,恒生科技,hk,5687.45,iFind
2025-09-08,HSTECH.HK,Hang Seng TECH,恒生科技,hk,5753.75,iFind
2025-09-09,HSTECH.HK,Hang Seng TECH,恒生科技,hk,5828.74,iFind
2025-09-10,HSTECH.HK,Hang Seng TECH,恒生科技,hk,5902.69,iFind
2025-09-11,HSTECH.HK,Hang Seng TECH,恒生科技,hk,5888.77,iFind
2025-09-12,HSTECH.HK,Hang Seng TECH,恒生科技,hk,5989.27,iFind
2025-09-15,HSTECH.HK,Hang Seng TECH,恒生科技,hk,6043.61,iFind
2025-09-16,HSTECH.HK,Hang Seng TECH,恒生科技,hk,6077.66,iFind
2025-09-17,HSTECH.HK,Hang Seng TECH,恒生科技,hk,6334.24,iFind
2025-09-18,HSTECH.HK,Hang Seng TECH,恒生科技,hk,6271.22,iFind
2025-09-19,HSTECH.HK,Hang Seng TECH,恒生科技,hk,6294.42,iFind
2025-09-22,HSTECH.HK,Hang Seng TECH,恒生科技,hk,6257.91,iFind
2025-09-23,HSTECH.HK,Hang Seng TECH,恒生科技,hk,6167.06,iFind
2025-09-24,HSTECH.HK,Hang Seng TECH,恒生科技,hk,6323.15,iFind
2025-09-25,HSTECH.HK,Hang Seng TECH,恒生科技,hk,6379.19,iFind
2025-09-26,HSTECH.HK,Hang Seng TECH,恒生科技,hk,6195.11,iFind
2025-09-29,HSTECH.HK,Hang Seng TECH,恒生科技,hk,6324.25,iFind
2025-09-30,HSTECH.HK,Hang Seng TECH,恒生科技,hk,6465.66,iFind
2025-10-02,HSTECH.HK,Hang Seng TECH,恒生科技,hk,6682.86,iFind
2025-10-03,HSTECH.HK,Hang Seng TECH,恒生科技,hk,6622.85,iFind
2025-10-06,HSTECH.HK,Hang Seng TECH,恒生科技,hk,6550.3,iFind
2025-10-08,HSTECH.HK,Hang Seng TECH,恒生科技,hk,6514.19,iFind
2025-10-09,HSTECH.HK,Hang Seng TECH,恒生科技,hk,6471.34,iFind
2025-10-10,HSTECH.HK,Hang Seng TECH,恒生科技,hk,6259.75,iFind
2025-10-13,HSTECH.HK,Hang Seng TECH,恒生科技,hk,6145.51,iFind
2025-10-14,HSTECH.HK,Hang Seng TECH,恒生科技,hk,5923.26,iFind
2025-10-15,HSTECH.HK,Hang Seng TECH,恒生科技,hk,6075.27,iFind
2025-10-16,HSTECH.HK,Hang Seng TECH,恒生科技,hk,6003.56,iFind
2025-10-17,HSTECH.HK,Hang Seng TECH,恒生科技,hk,5760.38,iFind
2025-10-20,HSTECH.HK,Hang Seng TECH,恒生科技,hk,5933.17,iFind
2025-10-21,HSTECH.HK,Hang Seng TECH,恒生科技,hk,6007.94,iFind
2025-10-22,HSTECH.HK,Hang Seng TECH,恒生科技,hk,5923.09,iFind
2025-10-23,HSTECH.HK,Hang Seng TECH,恒生科技,hk,5951.45,iFind
2025-10-24,HSTECH.HK,Hang Seng TECH,恒生科技,hk,6059.89,iFind
2025-10-27,HSTECH.HK,Hang Seng TECH,恒生科技,hk,6171.08,iFind
2025-10-28,HSTECH.HK,Hang Seng TECH,恒生科技,hk,6093.44,iFind
2025-10-30,HSTECH.HK,Hang Seng TECH,恒生科技,hk,6051.76,iFind
2025-10-31,HSTECH.HK,Hang Seng TECH,恒生科技,hk,5908.08,iFind
2025-11-03,HSTECH.HK,Hang Seng TECH,恒生科技,hk,5922.48,iFind
2025-11-04,HSTECH.HK,Hang Seng TECH,恒生科技,hk,5818.29,iFind
2025-11-05,HSTECH.HK,Hang Seng TECH,恒生科技,hk,5785.85,iFind
2025-11-06,HSTECH.HK,Hang Seng TECH,恒生科技,hk,5944.22,iFind
2025-11-07,HSTECH.HK,Hang Seng TECH,恒生科技,hk,5837.36,iFind
2025-11-10,HSTECH.HK,Hang Seng TECH,恒生科技,hk,5915.56,iFind
2025-11-11,HSTECH.HK,Hang Seng TECH,恒生科技,hk,5924.39,iFind
2025-11-12,HSTECH.HK,Hang Seng TECH,恒生科技,hk,5933.99,iFind
2025-11-13,HSTECH.HK,Hang Seng TECH,恒生科技,hk,5981.3,iFind
2025-11-14,HSTECH.HK,Hang Seng TECH,恒生科技,hk,5812.8,iFind
2025-11-17,HSTECH.HK,Hang Seng TECH,恒生科技,hk,5756.88,iFind
2025-11-18,HSTECH.HK,Hang Seng TECH,恒生科技,hk,5645.73,iFind
2025-11-19,HSTECH.HK,Hang Seng TECH,恒生科技,hk,5606.9,iFind
2025-11-20,HSTECH.HK,Hang Seng TECH,恒生科技,hk,5574.59,iFind
2025-11-21,HSTECH.HK,Hang Seng TECH,恒生科技,hk,5395.49,iFind
2025-11-24,HSTECH.HK,Hang Seng TECH,恒生科技,hk,5545.56,iFind
2025-11-25,HSTECH.HK,Hang Seng TECH,恒生科技,hk,5612.03,iFind
2025-11-26,HSTECH.HK,Hang Seng TECH,恒生科技,hk,5618.36,iFind
2025-11-27,HSTECH.HK,Hang Seng TECH,恒生科技,hk,5598.05,iFind
2025-11-28,HSTECH.HK,Hang Seng TECH,恒生科技,hk,5599.11,iFind
2025-12-01,HSTECH.HK,Hang Seng TECH,恒生科技,hk,5644.76,iFind
2025-12-02,HSTECH.HK,Hang Seng TECH,恒生科技,hk,5624.04,iFind
2025-12-03,HSTECH.HK,Hang Seng TECH,恒生科技,hk,5534.92,iFind
2025-12-04,HSTECH.HK,Hang Seng TECH,恒生科技,hk,5615.43,iFind
2025-12-05,HSTECH.HK,Hang Seng TECH,恒生科技,hk,5662.46,iFind
2025-12-08,HSTECH.HK,Hang Seng TECH,恒生科技,hk,5662.55,iFind
2025-12-09,HSTECH.HK,Hang Seng TECH,恒生科技,hk,5554.68,iFind
2025-12-10,HSTECH.HK,Hang Seng TECH,恒生科技,hk,5581.1,iFind
2025-12-11,HSTECH.HK,Hang Seng TECH,恒生科技,hk,5534.59,iFind
2025-12-12,HSTECH.HK,Hang Seng TECH,恒生科技,hk,5638.05,iFind
2025-12-15,HSTECH.HK,Hang Seng TECH,恒生科技,hk,5498.42,iFind
2025-12-16,HSTECH.HK,Hang Seng TECH,恒生科技,hk,5402.51,iFind
2025-12-17,HSTECH.HK,Hang Seng TECH,恒生科技,hk,5457.95,iFind
2025-12-18,HSTECH.HK,Hang Seng TECH,恒生科技,hk,5418.29,iFind
2025-12-19,HSTECH.HK,Hang Seng TECH,恒生科技,hk,5479.04,iFind
2025-12-22,HSTECH.HK,Hang Seng TECH,恒生科技,hk,5526.83,iFind
2025-12-23,HSTECH.HK,Hang Seng TECH,恒生科技,hk,5488.89,iFind
2025-12-24,HSTECH.HK,Hang Seng TECH,恒生科技,hk,5499.3,iFind
2025-12-29,HSTECH.HK,Hang Seng TECH,恒生科技,hk,5483.01,iFind
2025-12-30,HSTECH.HK,Hang Seng TECH,恒生科技,hk,5578.38,iFind
2025-12-31,HSTECH.HK,Hang Seng TECH,恒生科技,hk,5515.98,iFind
2026-01-02,HSTECH.HK,Hang Seng TECH,恒生科技,hk,5736.44,iFind
2026-01-05,HSTECH.HK,Hang Seng TECH,恒生科技,hk,5741.63,iFind
2026-01-06,HSTECH.HK,Hang Seng TECH,恒生科技,hk,5825.26,iFind
2026-01-07,HSTECH.HK,Hang Seng TECH,恒生科技,hk,5738.52,iFind
2026-01-08,HSTECH.HK,Hang Seng TECH,恒生科技,hk,5678.34,iFind
2026-01-09,HSTECH.HK,Hang Seng TECH,恒生科技,hk,5687.14,iFind
2026-01-12,HSTECH.HK,Hang Seng TECH,恒生科技,hk,5863.2,iFind
2026-01-13,HSTECH.HK,Hang Seng TECH,恒生科技,hk,5869.79,iFind
2026-01-14,HSTECH.HK,Hang Seng TECH,恒生科技,hk,5908.26,iFind
2026-01-15,HSTECH.HK,Hang Seng TECH,恒生科技,hk,5828.35,iFind
2026-01-16,HSTECH.HK,Hang Seng TECH,恒生科技,hk,5822.18,iFind
2026-01-19,HSTECH.HK,Hang Seng TECH,恒生科技,hk,5749.98,iFind
2026-01-20,HSTECH.HK,Hang Seng TECH,恒生科技,hk,5683.44,iFind
2026-01-21,HSTECH.HK,Hang Seng TECH,恒生科技,hk,5746.3,iFind
2026-01-22,HSTECH.HK,Hang Seng TECH,恒生科技,hk,5762.44,iFind
2026-01-23,HSTECH.HK,Hang Seng TECH,恒生科技,hk,5798.01,iFind
2026-01-26,HSTECH.HK,Hang Seng TECH,恒生科技,hk,5725.99,iFind
2026-01-27,HSTECH.HK,Hang Seng TECH,恒生科技,hk,5754.72,iFind
2026-01-28,HSTECH.HK,Hang Seng TECH,恒生科技,hk,5900.16,iFind
2026-01-29,HSTECH.HK,Hang Seng TECH,恒生科技,hk,5841.1,iFind
2026-01-30,HSTECH.HK,Hang Seng TECH,恒生科技,hk,5718.18,iFind
2026-02-02,HSTECH.HK,Hang Seng TECH,恒生科技,hk,5526.31,iFind
2026-02-03,HSTECH.HK,Hang Seng TECH,恒生科技,hk,5467.26,iFind
2026-02-04,HSTECH.HK,Hang Seng TECH,恒生科技,hk,5366.44,iFind
2026-02-05,HSTECH.HK,Hang Seng TECH,恒生科技,hk,5406.13,iFind
2026-02-06,HSTECH.HK,Hang Seng TECH,恒生科技,hk,5346.2,iFind
2026-02-09,HSTECH.HK,Hang Seng TECH,恒生科技,hk,5417.6,iFind
2026-02-10,HSTECH.HK,Hang Seng TECH,恒生科技,hk,5451.03,iFind
2026-02-11,HSTECH.HK,Hang Seng TECH,恒生科技,hk,5499.99,iFind
2026-02-12,HSTECH.HK,Hang Seng TECH,恒生科技,hk,5408.98,iFind
2026-02-13,HSTECH.HK,Hang Seng TECH,恒生科技,hk,5360.42,iFind
2026-02-16,HSTECH.HK,Hang Seng TECH,恒生科技,hk,5367.52,iFind
2026-02-20,HSTECH.HK,Hang Seng TECH,恒生科技,hk,5211.5,iFind
2026-02-23,HSTECH.HK,Hang Seng TECH,恒生科技,hk,5385.35,iFind
2026-02-24,HSTECH.HK,Hang Seng TECH,恒生科技,hk,5270.7,iFind
2026-02-25,HSTECH.HK,Hang Seng TECH,恒生科技,hk,5260.5,iFind
2026-02-26,HSTECH.HK,Hang Seng TECH,恒生科技,hk,5109.33,iFind
2026-02-27,HSTECH.HK,Hang Seng TECH,恒生科技,hk,5137.84,iFind
2026-03-02,HSTECH.HK,Hang Seng TECH,恒生科技,hk,4989.37,iFind
2026-03-03,HSTECH.HK,Hang Seng TECH,恒生科技,hk,4876.53,iFind
2026-03-04,HSTECH.HK,Hang Seng TECH,恒生科技,hk,4829.5,iFind
2026-03-05,HSTECH.HK,Hang Seng TECH,恒生科技,hk,4796.33,iFind
2026-03-06,HSTECH.HK,Hang Seng TECH,恒生科技,hk,4947.5,iFind
2026-03-09,HSTECH.HK,Hang Seng TECH,恒生科技,hk,4941.73,iFind
2026-03-10,HSTECH.HK,Hang Seng TECH,恒生科技,hk,5060.53,iFind
2026-03-11,HSTECH.HK,Hang Seng TECH,恒生科技,hk,5054.85,iFind
2026-03-12,HSTECH.HK,Hang Seng TECH,恒生科技,hk,5027.64,iFind
2026-03-13,HSTECH.HK,Hang Seng TECH,恒生科技,hk,4978.08,iFind
2026-03-16,HSTECH.HK,Hang Seng TECH,恒生科技,hk,5111.78,iFind
2026-03-17,HSTECH.HK,Hang Seng TECH,恒生科技,hk,5107.64,iFind
2026-03-18,HSTECH.HK,Hang Seng TECH,恒生科技,hk,5108.3,iFind
2026-03-19,HSTECH.HK,Hang Seng TECH,恒生科技,hk,4996.28,iFind
2026-03-20,HSTECH.HK,Hang Seng TECH,恒生科技,hk,4872.38,iFind
2026-03-23,HSTECH.HK,Hang Seng TECH,恒生科技,hk,4712.48,iFind
2026-03-24,HSTECH.HK,Hang Seng TECH,恒生科技,hk,4830.89,iFind
2026-03-25,HSTECH.HK,Hang Seng TECH,恒生科技,hk,4922.94,iFind
2026-03-26,HSTECH.HK,Hang Seng TECH,恒生科技,hk,4761.54,iFind
2026-03-27,HSTECH.HK,Hang Seng TECH,恒生科技,hk,4778.01,iFind
2026-03-30,HSTECH.HK,Hang Seng TECH,恒生科技,hk,4690.08,iFind
2026-03-31,HSTECH.HK,Hang Seng TECH,恒生科技,hk,4649.82,iFind
2026-04-01,HSTECH.HK,Hang Seng TECH,恒生科技,hk,4756.45,iFind
2026-04-02,HSTECH.HK,Hang Seng TECH,恒生科技,hk,4679.1,iFind
2026-04-08,HSTECH.HK,Hang Seng TECH,恒生科技,hk,4923.25,iFind
2026-04-09,HSTECH.HK,Hang Seng TECH,恒生科技,hk,4821.67,iFind
2026-04-10,HSTECH.HK,Hang Seng TECH,恒生科技,hk,4860.26,iFind
2026-04-13,HSTECH.HK,Hang Seng TECH,恒生科技,hk,4822.01,iFind
2026-04-14,HSTECH.HK,Hang Seng TECH,恒生科技,hk,4851.96,iFind
2026-04-15,HSTECH.HK,Hang Seng TECH,恒生科技,hk,4911.79,iFind
2026-04-16,HSTECH.HK,Hang Seng TECH,恒生科技,hk,5092.08,iFind
2026-04-17,HSTECH.HK,Hang Seng TECH,恒生科技,hk,5042.68,iFind
2026-04-20,HSTECH.HK,Hang Seng TECH,恒生科技,hk,5065.63,iFind
2026-04-21,HSTECH.HK,Hang Seng TECH,恒生科技,hk,5061.5,iFind
2026-04-22,HSTECH.HK,Hang Seng TECH,恒生科技,hk,4963.94,iFind
2026-04-23,HSTECH.HK,Hang Seng TECH,恒生科技,hk,4865.52,iFind
2026-04-24,HSTECH.HK,Hang Seng TECH,恒生科技,hk,4902.2,iFind
2026-04-27,HSTECH.HK,Hang Seng TECH,恒生科技,hk,4939.84,iFind
2026-04-28,HSTECH.HK,Hang Seng TECH,恒生科技,hk,4827.19,iFind
2026-04-29,HSTECH.HK,Hang Seng TECH,恒生科技,hk,4910.02,iFind
2026-04-30,HSTECH.HK,Hang Seng TECH,恒生科技,hk,4871.32,iFind
2026-05-04,HSTECH.HK,Hang Seng TECH,恒生科技,hk,4976.7,iFind
2026-05-05,HSTECH.HK,Hang Seng TECH,恒生科技,hk,4929.68,iFind
2026-05-06,HSTECH.HK,Hang Seng TECH,恒生科技,hk,4969.2,iFind
2026-05-07,HSTECH.HK,Hang Seng TECH,恒生科技,hk,5121.1,iFind
2026-05-08,HSTECH.HK,Hang Seng TECH,恒生科技,hk,5102.79,iFind
2026-05-11,HSTECH.HK,Hang Seng TECH,恒生科技,hk,5106.4,iFind
2026-05-12,HSTECH.HK,Hang Seng TECH,恒生科技,hk,5070.61,iFind
2026-05-13,HSTECH.HK,Hang Seng TECH,恒生科技,hk,5093.85,iFind
2026-05-14,HSTECH.HK,Hang Seng TECH,恒生科技,hk,5076.2,iFind
2026-05-15,HSTECH.HK,Hang Seng TECH,恒生科技,hk,4941.14,iFind
2026-05-18,HSTECH.HK,Hang Seng TECH,恒生科技,hk,4844.94,iFind
2026-05-19,HSTECH.HK,Hang Seng TECH,恒生科技,hk,4857.46,iFind
2026-05-20,HSTECH.HK,Hang Seng TECH,恒生科技,hk,4873.82,iFind
2026-05-21,HSTECH.HK,Hang Seng TECH,恒生科技,hk,4768.9,iFind
2026-05-22,HSTECH.HK,Hang Seng TECH,恒生科技,hk,4869.57,iFind
2026-05-26,HSTECH.HK,Hang Seng TECH,恒生科技,hk,4946.88,iFind
2026-05-27,HSTECH.HK,Hang Seng TECH,恒生科技,hk,4907.57,iFind
2026-05-28,HSTECH.HK,Hang Seng TECH,恒生科技,hk,4888.58,iFind
2026-05-29,HSTECH.HK,Hang Seng TECH,恒生科技,hk,4884.23,iFind
2026-06-01,HSTECH.HK,Hang Seng TECH,恒生科技,hk,4964.92,iFind
2025-08-01,^IXIC,Nasdaq Composite,纳斯达克综合,nbi,20650.130859375,yfinance
2025-08-04,^IXIC,Nasdaq Composite,纳斯达克综合,nbi,21053.580078125,yfinance
2025-08-05,^IXIC,Nasdaq Composite,纳斯达克综合,nbi,20916.55078125,yfinance
2025-08-06,^IXIC,Nasdaq Composite,纳斯达克综合,nbi,21169.419921875,yfinance
2025-08-07,^IXIC,Nasdaq Composite,纳斯达克综合,nbi,21242.69921875,yfinance
2025-08-08,^IXIC,Nasdaq Composite,纳斯达克综合,nbi,21450.01953125,yfinance
2025-08-11,^IXIC,Nasdaq Composite,纳斯达克综合,nbi,21385.400390625,yfinance
2025-08-12,^IXIC,Nasdaq Composite,纳斯达克综合,nbi,21681.900390625,yfinance
2025-08-13,^IXIC,Nasdaq Composite,纳斯达克综合,nbi,21713.140625,yfinance
2025-08-14,^IXIC,Nasdaq Composite,纳斯达克综合,nbi,21710.669921875,yfinance
2025-08-15,^IXIC,Nasdaq Composite,纳斯达克综合,nbi,21622.98046875,yfinance
2025-08-18,^IXIC,Nasdaq Composite,纳斯达克综合,nbi,21629.76953125,yfinance
2025-08-19,^IXIC,Nasdaq Composite,纳斯达克综合,nbi,21314.94921875,yfinance
2025-08-20,^IXIC,Nasdaq Composite,纳斯达克综合,nbi,21172.859375,yfinance
2025-08-21,^IXIC,Nasdaq Composite,纳斯达克综合,nbi,21100.310546875,yfinance
2025-08-22,^IXIC,Nasdaq Composite,纳斯达克综合,nbi,21496.5390625,yfinance
2025-08-25,^IXIC,Nasdaq Composite,纳斯达克综合,nbi,21449.2890625,yfinance
2025-08-26,^IXIC,Nasdaq Composite,纳斯达克综合,nbi,21544.26953125,yfinance
2025-08-27,^IXIC,Nasdaq Composite,纳斯达克综合,nbi,21590.140625,yfinance
2025-08-28,^IXIC,Nasdaq Composite,纳斯达克综合,nbi,21705.16015625,yfinance
2025-08-29,^IXIC,Nasdaq Composite,纳斯达克综合,nbi,21455.55078125,yfinance
2025-09-02,^IXIC,Nasdaq Composite,纳斯达克综合,nbi,21279.630859375,yfinance
2025-09-03,^IXIC,Nasdaq Composite,纳斯达克综合,nbi,21497.73046875,yfinance
2025-09-04,^IXIC,Nasdaq Composite,纳斯达克综合,nbi,21707.689453125,yfinance
2025-09-05,^IXIC,Nasdaq Composite,纳斯达克综合,nbi,21700.390625,yfinance
2025-09-08,^IXIC,Nasdaq Composite,纳斯达克综合,nbi,21798.69921875,yfinance
2025-09-09,^IXIC,Nasdaq Composite,纳斯达克综合,nbi,21879.490234375,yfinance
2025-09-10,^IXIC,Nasdaq Composite,纳斯达克综合,nbi,21886.060546875,yfinance
2025-09-11,^IXIC,Nasdaq Composite,纳斯达克综合,nbi,22043.0703125,yfinance
2025-09-12,^IXIC,Nasdaq Composite,纳斯达克综合,nbi,22141.099609375,yfinance
2025-09-15,^IXIC,Nasdaq Composite,纳斯达克综合,nbi,22348.75,yfinance
2025-09-16,^IXIC,Nasdaq Composite,纳斯达克综合,nbi,22333.9609375,yfinance
2025-09-17,^IXIC,Nasdaq Composite,纳斯达克综合,nbi,22261.330078125,yfinance
2025-09-18,^IXIC,Nasdaq Composite,纳斯达克综合,nbi,22470.720703125,yfinance
2025-09-19,^IXIC,Nasdaq Composite,纳斯达克综合,nbi,22631.48046875,yfinance
2025-09-22,^IXIC,Nasdaq Composite,纳斯达克综合,nbi,22788.98046875,yfinance
2025-09-23,^IXIC,Nasdaq Composite,纳斯达克综合,nbi,22573.470703125,yfinance
2025-09-24,^IXIC,Nasdaq Composite,纳斯达克综合,nbi,22497.859375,yfinance
2025-09-25,^IXIC,Nasdaq Composite,纳斯达克综合,nbi,22384.69921875,yfinance
2025-09-26,^IXIC,Nasdaq Composite,纳斯达克综合,nbi,22484.0703125,yfinance
2025-09-29,^IXIC,Nasdaq Composite,纳斯达克综合,nbi,22591.150390625,yfinance
2025-09-30,^IXIC,Nasdaq Composite,纳斯达克综合,nbi,22660.009765625,yfinance
2025-10-01,^IXIC,Nasdaq Composite,纳斯达克综合,nbi,22755.16015625,yfinance
2025-10-02,^IXIC,Nasdaq Composite,纳斯达克综合,nbi,22844.05078125,yfinance
2025-10-03,^IXIC,Nasdaq Composite,纳斯达克综合,nbi,22780.509765625,yfinance
2025-10-06,^IXIC,Nasdaq Composite,纳斯达克综合,nbi,22941.669921875,yfinance
2025-10-07,^IXIC,Nasdaq Composite,纳斯达克综合,nbi,22788.359375,yfinance
2025-10-08,^IXIC,Nasdaq Composite,纳斯达克综合,nbi,23043.380859375,yfinance
2025-10-09,^IXIC,Nasdaq Composite,纳斯达克综合,nbi,23024.630859375,yfinance
2025-10-10,^IXIC,Nasdaq Composite,纳斯达克综合,nbi,22204.4296875,yfinance
2025-10-13,^IXIC,Nasdaq Composite,纳斯达克综合,nbi,22694.609375,yfinance
2025-10-14,^IXIC,Nasdaq Composite,纳斯达克综合,nbi,22521.69921875,yfinance
2025-10-15,^IXIC,Nasdaq Composite,纳斯达克综合,nbi,22670.080078125,yfinance
2025-10-16,^IXIC,Nasdaq Composite,纳斯达克综合,nbi,22562.5390625,yfinance
2025-10-17,^IXIC,Nasdaq Composite,纳斯达克综合,nbi,22679.970703125,yfinance
2025-10-20,^IXIC,Nasdaq Composite,纳斯达克综合,nbi,22990.5390625,yfinance
2025-10-21,^IXIC,Nasdaq Composite,纳斯达克综合,nbi,22953.669921875,yfinance
2025-10-22,^IXIC,Nasdaq Composite,纳斯达克综合,nbi,22740.400390625,yfinance
2025-10-23,^IXIC,Nasdaq Composite,纳斯达克综合,nbi,22941.80078125,yfinance
2025-10-24,^IXIC,Nasdaq Composite,纳斯达克综合,nbi,23204.869140625,yfinance
2025-10-27,^IXIC,Nasdaq Composite,纳斯达克综合,nbi,23637.4609375,yfinance
2025-10-28,^IXIC,Nasdaq Composite,纳斯达克综合,nbi,23827.490234375,yfinance
2025-10-29,^IXIC,Nasdaq Composite,纳斯达克综合,nbi,23958.470703125,yfinance
2025-10-30,^IXIC,Nasdaq Composite,纳斯达克综合,nbi,23581.140625,yfinance
2025-10-31,^IXIC,Nasdaq Composite,纳斯达克综合,nbi,23724.9609375,yfinance
2025-11-03,^IXIC,Nasdaq Composite,纳斯达克综合,nbi,23834.720703125,yfinance
2025-11-04,^IXIC,Nasdaq Composite,纳斯达克综合,nbi,23348.640625,yfinance
2025-11-05,^IXIC,Nasdaq Composite,纳斯达克综合,nbi,23499.80078125,yfinance
2025-11-06,^IXIC,Nasdaq Composite,纳斯达克综合,nbi,23053.990234375,yfinance
2025-11-07,^IXIC,Nasdaq Composite,纳斯达克综合,nbi,23004.5390625,yfinance
2025-11-10,^IXIC,Nasdaq Composite,纳斯达克综合,nbi,23527.169921875,yfinance
2025-11-11,^IXIC,Nasdaq Composite,纳斯达克综合,nbi,23468.30078125,yfinance
2025-11-12,^IXIC,Nasdaq Composite,纳斯达克综合,nbi,23406.4609375,yfinance
2025-11-13,^IXIC,Nasdaq Composite,纳斯达克综合,nbi,22870.359375,yfinance
2025-11-14,^IXIC,Nasdaq Composite,纳斯达克综合,nbi,22900.58984375,yfinance
2025-11-17,^IXIC,Nasdaq Composite,纳斯达克综合,nbi,22708.0703125,yfinance
2025-11-18,^IXIC,Nasdaq Composite,纳斯达克综合,nbi,22432.849609375,yfinance
2025-11-19,^IXIC,Nasdaq Composite,纳斯达克综合,nbi,22564.23046875,yfinance
2025-11-20,^IXIC,Nasdaq Composite,纳斯达克综合,nbi,22078.05078125,yfinance
2025-11-21,^IXIC,Nasdaq Composite,纳斯达克综合,nbi,22273.080078125,yfinance
2025-11-24,^IXIC,Nasdaq Composite,纳斯达克综合,nbi,22872.009765625,yfinance
2025-11-25,^IXIC,Nasdaq Composite,纳斯达克综合,nbi,23025.58984375,yfinance
2025-11-26,^IXIC,Nasdaq Composite,纳斯达克综合,nbi,23214.689453125,yfinance
2025-11-28,^IXIC,Nasdaq Composite,纳斯达克综合,nbi,23365.689453125,yfinance
2025-12-01,^IXIC,Nasdaq Composite,纳斯达克综合,nbi,23275.919921875,yfinance
2025-12-02,^IXIC,Nasdaq Composite,纳斯达克综合,nbi,23413.669921875,yfinance
2025-12-03,^IXIC,Nasdaq Composite,纳斯达克综合,nbi,23454.08984375,yfinance
2025-12-04,^IXIC,Nasdaq Composite,纳斯达克综合,nbi,23505.140625,yfinance
2025-12-05,^IXIC,Nasdaq Composite,纳斯达克综合,nbi,23578.130859375,yfinance
2025-12-08,^IXIC,Nasdaq Composite,纳斯达克综合,nbi,23545.900390625,yfinance
2025-12-09,^IXIC,Nasdaq Composite,纳斯达克综合,nbi,23576.490234375,yfinance
2025-12-10,^IXIC,Nasdaq Composite,纳斯达克综合,nbi,23654.150390625,yfinance
2025-12-11,^IXIC,Nasdaq Composite,纳斯达克综合,nbi,23593.859375,yfinance
2025-12-12,^IXIC,Nasdaq Composite,纳斯达克综合,nbi,23195.169921875,yfinance
2025-12-15,^IXIC,Nasdaq Composite,纳斯达克综合,nbi,23057.41015625,yfinance
2025-12-16,^IXIC,Nasdaq Composite,纳斯达克综合,nbi,23111.4609375,yfinance
2025-12-17,^IXIC,Nasdaq Composite,纳斯达克综合,nbi,22693.3203125,yfinance
2025-12-18,^IXIC,Nasdaq Composite,纳斯达克综合,nbi,23006.359375,yfinance
2025-12-19,^IXIC,Nasdaq Composite,纳斯达克综合,nbi,23307.619140625,yfinance
2025-12-22,^IXIC,Nasdaq Composite,纳斯达克综合,nbi,23428.830078125,yfinance
2025-12-23,^IXIC,Nasdaq Composite,纳斯达克综合,nbi,23561.83984375,yfinance
2025-12-24,^IXIC,Nasdaq Composite,纳斯达克综合,nbi,23613.310546875,yfinance
2025-12-26,^IXIC,Nasdaq Composite,纳斯达克综合,nbi,23593.099609375,yfinance
2025-12-29,^IXIC,Nasdaq Composite,纳斯达克综合,nbi,23474.349609375,yfinance
2025-12-30,^IXIC,Nasdaq Composite,纳斯达克综合,nbi,23419.080078125,yfinance
2025-12-31,^IXIC,Nasdaq Composite,纳斯达克综合,nbi,23241.990234375,yfinance
2026-01-02,^IXIC,Nasdaq Composite,纳斯达克综合,nbi,23235.630859375,yfinance
2026-01-05,^IXIC,Nasdaq Composite,纳斯达克综合,nbi,23395.8203125,yfinance
2026-01-06,^IXIC,Nasdaq Composite,纳斯达克综合,nbi,23547.169921875,yfinance
2026-01-07,^IXIC,Nasdaq Composite,纳斯达克综合,nbi,23584.279296875,yfinance
2026-01-08,^IXIC,Nasdaq Composite,纳斯达克综合,nbi,23480.01953125,yfinance
2026-01-09,^IXIC,Nasdaq Composite,纳斯达克综合,nbi,23671.349609375,yfinance
2026-01-12,^IXIC,Nasdaq Composite,纳斯达克综合,nbi,23733.900390625,yfinance
2026-01-13,^IXIC,Nasdaq Composite,纳斯达克综合,nbi,23709.869140625,yfinance
2026-01-14,^IXIC,Nasdaq Composite,纳斯达克综合,nbi,23471.75,yfinance
2026-01-15,^IXIC,Nasdaq Composite,纳斯达克综合,nbi,23530.01953125,yfinance
2026-01-16,^IXIC,Nasdaq Composite,纳斯达克综合,nbi,23515.390625,yfinance
2026-01-20,^IXIC,Nasdaq Composite,纳斯达克综合,nbi,22954.3203125,yfinance
2026-01-21,^IXIC,Nasdaq Composite,纳斯达克综合,nbi,23224.8203125,yfinance
2026-01-22,^IXIC,Nasdaq Composite,纳斯达克综合,nbi,23436.01953125,yfinance
2026-01-23,^IXIC,Nasdaq Composite,纳斯达克综合,nbi,23501.240234375,yfinance
2026-01-26,^IXIC,Nasdaq Composite,纳斯达克综合,nbi,23601.359375,yfinance
2026-01-27,^IXIC,Nasdaq Composite,纳斯达克综合,nbi,23817.099609375,yfinance
2026-01-28,^IXIC,Nasdaq Composite,纳斯达克综合,nbi,23857.44921875,yfinance
2026-01-29,^IXIC,Nasdaq Composite,纳斯达克综合,nbi,23685.119140625,yfinance
2026-01-30,^IXIC,Nasdaq Composite,纳斯达克综合,nbi,23461.8203125,yfinance
2026-02-02,^IXIC,Nasdaq Composite,纳斯达克综合,nbi,23592.109375,yfinance
2026-02-03,^IXIC,Nasdaq Composite,纳斯达克综合,nbi,23255.189453125,yfinance
2026-02-04,^IXIC,Nasdaq Composite,纳斯达克综合,nbi,22904.580078125,yfinance
2026-02-05,^IXIC,Nasdaq Composite,纳斯达克综合,nbi,22540.58984375,yfinance
2026-02-06,^IXIC,Nasdaq Composite,纳斯达克综合,nbi,23031.2109375,yfinance
2026-02-09,^IXIC,Nasdaq Composite,纳斯达克综合,nbi,23238.669921875,yfinance
2026-02-10,^IXIC,Nasdaq Composite,纳斯达克综合,nbi,23102.470703125,yfinance
2026-02-11,^IXIC,Nasdaq Composite,纳斯达克综合,nbi,23066.470703125,yfinance
2026-02-12,^IXIC,Nasdaq Composite,纳斯达克综合,nbi,22597.150390625,yfinance
2026-02-13,^IXIC,Nasdaq Composite,纳斯达克综合,nbi,22546.669921875,yfinance
2026-02-17,^IXIC,Nasdaq Composite,纳斯达克综合,nbi,22578.380859375,yfinance
2026-02-18,^IXIC,Nasdaq Composite,纳斯达克综合,nbi,22753.630859375,yfinance
2026-02-19,^IXIC,Nasdaq Composite,纳斯达克综合,nbi,22682.73046875,yfinance
2026-02-20,^IXIC,Nasdaq Composite,纳斯达克综合,nbi,22886.0703125,yfinance
2026-02-23,^IXIC,Nasdaq Composite,纳斯达克综合,nbi,22627.26953125,yfinance
2026-02-24,^IXIC,Nasdaq Composite,纳斯达克综合,nbi,22863.6796875,yfinance
2026-02-25,^IXIC,Nasdaq Composite,纳斯达克综合,nbi,23152.080078125,yfinance
2026-02-26,^IXIC,Nasdaq Composite,纳斯达克综合,nbi,22878.380859375,yfinance
2026-02-27,^IXIC,Nasdaq Composite,纳斯达克综合,nbi,22668.2109375,yfinance
2026-03-02,^IXIC,Nasdaq Composite,纳斯达克综合,nbi,22748.859375,yfinance
2026-03-03,^IXIC,Nasdaq Composite,纳斯达克综合,nbi,22516.689453125,yfinance
2026-03-04,^IXIC,Nasdaq Composite,纳斯达克综合,nbi,22807.48046875,yfinance
2026-03-05,^IXIC,Nasdaq Composite,纳斯达克综合,nbi,22748.990234375,yfinance
2026-03-06,^IXIC,Nasdaq Composite,纳斯达克综合,nbi,22387.6796875,yfinance
2026-03-09,^IXIC,Nasdaq Composite,纳斯达克综合,nbi,22695.94921875,yfinance
2026-03-10,^IXIC,Nasdaq Composite,纳斯达克综合,nbi,22697.099609375,yfinance
2026-03-11,^IXIC,Nasdaq Composite,纳斯达克综合,nbi,22716.130859375,yfinance
2026-03-12,^IXIC,Nasdaq Composite,纳斯达克综合,nbi,22311.98046875,yfinance
2026-03-13,^IXIC,Nasdaq Composite,纳斯达克综合,nbi,22105.359375,yfinance
2026-03-16,^IXIC,Nasdaq Composite,纳斯达克综合,nbi,22374.1796875,yfinance
2026-03-17,^IXIC,Nasdaq Composite,纳斯达克综合,nbi,22479.529296875,yfinance
2026-03-18,^IXIC,Nasdaq Composite,纳斯达克综合,nbi,22152.419921875,yfinance
2026-03-19,^IXIC,Nasdaq Composite,纳斯达克综合,nbi,22090.689453125,yfinance
2026-03-20,^IXIC,Nasdaq Composite,纳斯达克综合,nbi,21647.609375,yfinance
2026-03-23,^IXIC,Nasdaq Composite,纳斯达克综合,nbi,21946.759765625,yfinance
2026-03-24,^IXIC,Nasdaq Composite,纳斯达克综合,nbi,21761.890625,yfinance
2026-03-25,^IXIC,Nasdaq Composite,纳斯达克综合,nbi,21929.8203125,yfinance
2026-03-26,^IXIC,Nasdaq Composite,纳斯达克综合,nbi,21408.080078125,yfinance
2026-03-27,^IXIC,Nasdaq Composite,纳斯达克综合,nbi,20948.359375,yfinance
2026-03-30,^IXIC,Nasdaq Composite,纳斯达克综合,nbi,20794.640625,yfinance
2026-03-31,^IXIC,Nasdaq Composite,纳斯达克综合,nbi,21590.630859375,yfinance
2026-04-01,^IXIC,Nasdaq Composite,纳斯达克综合,nbi,21840.94921875,yfinance
2026-04-02,^IXIC,Nasdaq Composite,纳斯达克综合,nbi,21879.1796875,yfinance
2026-04-06,^IXIC,Nasdaq Composite,纳斯达克综合,nbi,21996.33984375,yfinance
2026-04-07,^IXIC,Nasdaq Composite,纳斯达克综合,nbi,22017.849609375,yfinance
2026-04-08,^IXIC,Nasdaq Composite,纳斯达克综合,nbi,22634.990234375,yfinance
2026-04-09,^IXIC,Nasdaq Composite,纳斯达克综合,nbi,22822.419921875,yfinance
2026-04-10,^IXIC,Nasdaq Composite,纳斯达克综合,nbi,22902.890625,yfinance
2026-04-13,^IXIC,Nasdaq Composite,纳斯达克综合,nbi,23183.740234375,yfinance
2026-04-14,^IXIC,Nasdaq Composite,纳斯达克综合,nbi,23639.080078125,yfinance
2026-04-15,^IXIC,Nasdaq Composite,纳斯达克综合,nbi,24016.01953125,yfinance
2026-04-16,^IXIC,Nasdaq Composite,纳斯达克综合,nbi,24102.69921875,yfinance
2026-04-17,^IXIC,Nasdaq Composite,纳斯达克综合,nbi,24468.48046875,yfinance
2026-04-20,^IXIC,Nasdaq Composite,纳斯达克综合,nbi,24404.390625,yfinance
2026-04-21,^IXIC,Nasdaq Composite,纳斯达克综合,nbi,24259.9609375,yfinance
2026-04-22,^IXIC,Nasdaq Composite,纳斯达克综合,nbi,24657.5703125,yfinance
2026-04-23,^IXIC,Nasdaq Composite,纳斯达克综合,nbi,24438.5,yfinance
2026-04-24,^IXIC,Nasdaq Composite,纳斯达克综合,nbi,24836.599609375,yfinance
2026-04-27,^IXIC,Nasdaq Composite,纳斯达克综合,nbi,24887.099609375,yfinance
2026-04-28,^IXIC,Nasdaq Composite,纳斯达克综合,nbi,24663.80078125,yfinance
2026-04-29,^IXIC,Nasdaq Composite,纳斯达克综合,nbi,24673.240234375,yfinance
2026-04-30,^IXIC,Nasdaq Composite,纳斯达克综合,nbi,24892.310546875,yfinance
2026-05-01,^IXIC,Nasdaq Composite,纳斯达克综合,nbi,25114.439453125,yfinance
2026-05-04,^IXIC,Nasdaq Composite,纳斯达克综合,nbi,25067.80078125,yfinance
2026-05-05,^IXIC,Nasdaq Composite,纳斯达克综合,nbi,25326.130859375,yfinance
2026-05-06,^IXIC,Nasdaq Composite,纳斯达克综合,nbi,25838.939453125,yfinance
2026-05-07,^IXIC,Nasdaq Composite,纳斯达克综合,nbi,25806.19921875,yfinance
2026-05-08,^IXIC,Nasdaq Composite,纳斯达克综合,nbi,26247.080078125,yfinance
2026-05-11,^IXIC,Nasdaq Composite,纳斯达克综合,nbi,26274.130859375,yfinance
2026-05-12,^IXIC,Nasdaq Composite,纳斯达克综合,nbi,26088.19921875,yfinance
2026-05-13,^IXIC,Nasdaq Composite,纳斯达克综合,nbi,26402.33984375,yfinance
2026-05-14,^IXIC,Nasdaq Composite,纳斯达克综合,nbi,26635.220703125,yfinance
2026-05-15,^IXIC,Nasdaq Composite,纳斯达克综合,nbi,26225.140625,yfinance
2026-05-18,^IXIC,Nasdaq Composite,纳斯达克综合,nbi,26090.73046875,yfinance
2026-05-19,^IXIC,Nasdaq Composite,纳斯达克综合,nbi,25870.7109375,yfinance
2026-05-20,^IXIC,Nasdaq Composite,纳斯达克综合,nbi,26270.359375,yfinance
2026-05-21,^IXIC,Nasdaq Composite,纳斯达克综合,nbi,26293.099609375,yfinance
2026-05-22,^IXIC,Nasdaq Composite,纳斯达克综合,nbi,26343.970703125,yfinance
2026-05-26,^IXIC,Nasdaq Composite,纳斯达克综合,nbi,26656.1796875,yfinance
2026-05-27,^IXIC,Nasdaq Composite,纳斯达克综合,nbi,26674.73046875,yfinance
2026-05-28,^IXIC,Nasdaq Composite,纳斯达克综合,nbi,26917.470703125,yfinance
2026-05-29,^IXIC,Nasdaq Composite,纳斯达克综合,nbi,26972.619140625,yfinance
2026-06-01,^IXIC,Nasdaq Composite,纳斯达克综合,nbi,27086.810546875,yfinance
2025-08-01,^NBI,Nasdaq Biotech (NBI),纳斯达克生物科技,nbi,4483.35009765625,yfinance
2025-08-04,^NBI,Nasdaq Biotech (NBI),纳斯达克生物科技,nbi,4575.81005859375,yfinance
2025-08-05,^NBI,Nasdaq Biotech (NBI),纳斯达克生物科技,nbi,4508.43017578125,yfinance
2025-08-06,^NBI,Nasdaq Biotech (NBI),纳斯达克生物科技,nbi,4452.169921875,yfinance
2025-08-07,^NBI,Nasdaq Biotech (NBI),纳斯达克生物科技,nbi,4448.919921875,yfinance
2025-08-08,^NBI,Nasdaq Biotech (NBI),纳斯达克生物科技,nbi,4478.669921875,yfinance
2025-08-11,^NBI,Nasdaq Biotech (NBI),纳斯达克生物科技,nbi,4469.77978515625,yfinance
2025-08-12,^NBI,Nasdaq Biotech (NBI),纳斯达克生物科技,nbi,4534.39013671875,yfinance
2025-08-13,^NBI,Nasdaq Biotech (NBI),纳斯达克生物科技,nbi,4644.60009765625,yfinance
2025-08-14,^NBI,Nasdaq Biotech (NBI),纳斯达克生物科技,nbi,4652.27001953125,yfinance
2025-08-15,^NBI,Nasdaq Biotech (NBI),纳斯达克生物科技,nbi,4701.2001953125,yfinance
2025-08-18,^NBI,Nasdaq Biotech (NBI),纳斯达克生物科技,nbi,4687.740234375,yfinance
2025-08-19,^NBI,Nasdaq Biotech (NBI),纳斯达克生物科技,nbi,4661.39990234375,yfinance
2025-08-20,^NBI,Nasdaq Biotech (NBI),纳斯达克生物科技,nbi,4688.2099609375,yfinance
2025-08-21,^NBI,Nasdaq Biotech (NBI),纳斯达克生物科技,nbi,4716.60986328125,yfinance
2025-08-22,^NBI,Nasdaq Biotech (NBI),纳斯达克生物科技,nbi,4737.60009765625,yfinance
2025-08-25,^NBI,Nasdaq Biotech (NBI),纳斯达克生物科技,nbi,4647.990234375,yfinance
2025-08-26,^NBI,Nasdaq Biotech (NBI),纳斯达克生物科技,nbi,4701.64013671875,yfinance
2025-08-27,^NBI,Nasdaq Biotech (NBI),纳斯达克生物科技,nbi,4698.47021484375,yfinance
2025-08-28,^NBI,Nasdaq Biotech (NBI),纳斯达克生物科技,nbi,4682.60009765625,yfinance
2025-08-29,^NBI,Nasdaq Biotech (NBI),纳斯达克生物科技,nbi,4677.6298828125,yfinance
2025-09-02,^NBI,Nasdaq Biotech (NBI),纳斯达克生物科技,nbi,4766.81982421875,yfinance
2025-09-03,^NBI,Nasdaq Biotech (NBI),纳斯达克生物科技,nbi,4773.60986328125,yfinance
2025-09-04,^NBI,Nasdaq Biotech (NBI),纳斯达克生物科技,nbi,4758.81005859375,yfinance
2025-09-05,^NBI,Nasdaq Biotech (NBI),纳斯达克生物科技,nbi,4845.64990234375,yfinance
2025-09-08,^NBI,Nasdaq Biotech (NBI),纳斯达克生物科技,nbi,4799.990234375,yfinance
2025-09-09,^NBI,Nasdaq Biotech (NBI),纳斯达克生物科技,nbi,4823.16015625,yfinance
2025-09-10,^NBI,Nasdaq Biotech (NBI),纳斯达克生物科技,nbi,4758.240234375,yfinance
2025-09-11,^NBI,Nasdaq Biotech (NBI),纳斯达克生物科技,nbi,4852.35986328125,yfinance
2025-09-12,^NBI,Nasdaq Biotech (NBI),纳斯达克生物科技,nbi,4766.330078125,yfinance
2025-09-15,^NBI,Nasdaq Biotech (NBI),纳斯达克生物科技,nbi,4739.419921875,yfinance
2025-09-16,^NBI,Nasdaq Biotech (NBI),纳斯达克生物科技,nbi,4741.14013671875,yfinance
2025-09-17,^NBI,Nasdaq Biotech (NBI),纳斯达克生物科技,nbi,4747.47021484375,yfinance
2025-09-18,^NBI,Nasdaq Biotech (NBI),纳斯达克生物科技,nbi,4837.06982421875,yfinance
2025-09-19,^NBI,Nasdaq Biotech (NBI),纳斯达克生物科技,nbi,4807.5400390625,yfinance
2025-09-22,^NBI,Nasdaq Biotech (NBI),纳斯达克生物科技,nbi,4830.77001953125,yfinance
2025-09-23,^NBI,Nasdaq Biotech (NBI),纳斯达克生物科技,nbi,4805.8701171875,yfinance
2025-09-24,^NBI,Nasdaq Biotech (NBI),纳斯达克生物科技,nbi,4792.0,yfinance
2025-09-25,^NBI,Nasdaq Biotech (NBI),纳斯达克生物科技,nbi,4706.47998046875,yfinance
2025-09-26,^NBI,Nasdaq Biotech (NBI),纳斯达克生物科技,nbi,4776.5498046875,yfinance
2025-09-29,^NBI,Nasdaq Biotech (NBI),纳斯达克生物科技,nbi,4832.08984375,yfinance
2025-09-30,^NBI,Nasdaq Biotech (NBI),纳斯达克生物科技,nbi,4879.89990234375,yfinance
2025-10-01,^NBI,Nasdaq Biotech (NBI),纳斯达克生物科技,nbi,5007.41015625,yfinance
2025-10-02,^NBI,Nasdaq Biotech (NBI),纳斯达克生物科技,nbi,5037.68994140625,yfinance
2025-10-03,^NBI,Nasdaq Biotech (NBI),纳斯达克生物科技,nbi,5076.56005859375,yfinance
2025-10-06,^NBI,Nasdaq Biotech (NBI),纳斯达克生物科技,nbi,5062.77001953125,yfinance
2025-10-07,^NBI,Nasdaq Biotech (NBI),纳斯达克生物科技,nbi,5080.52978515625,yfinance
2025-10-08,^NBI,Nasdaq Biotech (NBI),纳斯达克生物科技,nbi,5125.740234375,yfinance
2025-10-09,^NBI,Nasdaq Biotech (NBI),纳斯达克生物科技,nbi,5130.35009765625,yfinance
2025-10-10,^NBI,Nasdaq Biotech (NBI),纳斯达克生物科技,nbi,5061.52001953125,yfinance
2025-10-13,^NBI,Nasdaq Biotech (NBI),纳斯达克生物科技,nbi,5080.43994140625,yfinance
2025-10-14,^NBI,Nasdaq Biotech (NBI),纳斯达克生物科技,nbi,5092.81005859375,yfinance
2025-10-15,^NBI,Nasdaq Biotech (NBI),纳斯达克生物科技,nbi,5174.2998046875,yfinance
2025-10-16,^NBI,Nasdaq Biotech (NBI),纳斯达克生物科技,nbi,5158.2998046875,yfinance
2025-10-17,^NBI,Nasdaq Biotech (NBI),纳斯达克生物科技,nbi,5188.009765625,yfinance
2025-10-20,^NBI,Nasdaq Biotech (NBI),纳斯达克生物科技,nbi,5259.27001953125,yfinance
2025-10-21,^NBI,Nasdaq Biotech (NBI),纳斯达克生物科技,nbi,5226.240234375,yfinance
2025-10-22,^NBI,Nasdaq Biotech (NBI),纳斯达克生物科技,nbi,5154.830078125,yfinance
2025-10-23,^NBI,Nasdaq Biotech (NBI),纳斯达克生物科技,nbi,5159.14990234375,yfinance
2025-10-24,^NBI,Nasdaq Biotech (NBI),纳斯达克生物科技,nbi,5188.64013671875,yfinance
2025-10-27,^NBI,Nasdaq Biotech (NBI),纳斯达克生物科技,nbi,5272.740234375,yfinance
2025-10-28,^NBI,Nasdaq Biotech (NBI),纳斯达克生物科技,nbi,5285.919921875,yfinance
2025-10-29,^NBI,Nasdaq Biotech (NBI),纳斯达克生物科技,nbi,5264.85009765625,yfinance
2025-10-30,^NBI,Nasdaq Biotech (NBI),纳斯达克生物科技,nbi,5302.8798828125,yfinance
2025-10-31,^NBI,Nasdaq Biotech (NBI),纳斯达克生物科技,nbi,5366.4599609375,yfinance
2025-11-03,^NBI,Nasdaq Biotech (NBI),纳斯达克生物科技,nbi,5299.83984375,yfinance
2025-11-04,^NBI,Nasdaq Biotech (NBI),纳斯达克生物科技,nbi,5246.6201171875,yfinance
2025-11-05,^NBI,Nasdaq Biotech (NBI),纳斯达克生物科技,nbi,5321.25,yfinance
2025-11-06,^NBI,Nasdaq Biotech (NBI),纳斯达克生物科技,nbi,5322.9501953125,yfinance
2025-11-07,^NBI,Nasdaq Biotech (NBI),纳斯达克生物科技,nbi,5297.759765625,yfinance
2025-11-10,^NBI,Nasdaq Biotech (NBI),纳斯达克生物科技,nbi,5365.39990234375,yfinance
2025-11-11,^NBI,Nasdaq Biotech (NBI),纳斯达克生物科技,nbi,5523.06005859375,yfinance
2025-11-12,^NBI,Nasdaq Biotech (NBI),纳斯达克生物科技,nbi,5534.1201171875,yfinance
2025-11-13,^NBI,Nasdaq Biotech (NBI),纳斯达克生物科技,nbi,5486.85009765625,yfinance
2025-11-14,^NBI,Nasdaq Biotech (NBI),纳斯达克生物科技,nbi,5521.06982421875,yfinance
2025-11-17,^NBI,Nasdaq Biotech (NBI),纳斯达克生物科技,nbi,5569.580078125,yfinance
2025-11-18,^NBI,Nasdaq Biotech (NBI),纳斯达克生物科技,nbi,5610.0400390625,yfinance
2025-11-19,^NBI,Nasdaq Biotech (NBI),纳斯达克生物科技,nbi,5558.330078125,yfinance
2025-11-20,^NBI,Nasdaq Biotech (NBI),纳斯达克生物科技,nbi,5507.990234375,yfinance
2025-11-21,^NBI,Nasdaq Biotech (NBI),纳斯达克生物科技,nbi,5603.8701171875,yfinance
2025-11-24,^NBI,Nasdaq Biotech (NBI),纳斯达克生物科技,nbi,5685.43994140625,yfinance
2025-11-25,^NBI,Nasdaq Biotech (NBI),纳斯达克生物科技,nbi,5763.1298828125,yfinance
2025-11-26,^NBI,Nasdaq Biotech (NBI),纳斯达克生物科技,nbi,5813.5498046875,yfinance
2025-11-28,^NBI,Nasdaq Biotech (NBI),纳斯达克生物科技,nbi,5818.02978515625,yfinance
2025-12-01,^NBI,Nasdaq Biotech (NBI),纳斯达克生物科技,nbi,5691.9599609375,yfinance
2025-12-02,^NBI,Nasdaq Biotech (NBI),纳斯达克生物科技,nbi,5653.72021484375,yfinance
2025-12-03,^NBI,Nasdaq Biotech (NBI),纳斯达克生物科技,nbi,5764.60009765625,yfinance
2025-12-04,^NBI,Nasdaq Biotech (NBI),纳斯达克生物科技,nbi,5764.740234375,yfinance
2025-12-05,^NBI,Nasdaq Biotech (NBI),纳斯达克生物科技,nbi,5738.8701171875,yfinance
2025-12-08,^NBI,Nasdaq Biotech (NBI),纳斯达克生物科技,nbi,5721.60986328125,yfinance
2025-12-09,^NBI,Nasdaq Biotech (NBI),纳斯达克生物科技,nbi,5622.39990234375,yfinance
2025-12-10,^NBI,Nasdaq Biotech (NBI),纳斯达克生物科技,nbi,5681.490234375,yfinance
2025-12-11,^NBI,Nasdaq Biotech (NBI),纳斯达克生物科技,nbi,5726.72021484375,yfinance
2025-12-12,^NBI,Nasdaq Biotech (NBI),纳斯达克生物科技,nbi,5710.8798828125,yfinance
2025-12-15,^NBI,Nasdaq Biotech (NBI),纳斯达克生物科技,nbi,5708.9501953125,yfinance
2025-12-16,^NBI,Nasdaq Biotech (NBI),纳斯达克生物科技,nbi,5676.68017578125,yfinance
2025-12-17,^NBI,Nasdaq Biotech (NBI),纳斯达克生物科技,nbi,5644.93017578125,yfinance
2025-12-18,^NBI,Nasdaq Biotech (NBI),纳斯达克生物科技,nbi,5602.740234375,yfinance
2025-12-19,^NBI,Nasdaq Biotech (NBI),纳斯达克生物科技,nbi,5738.02978515625,yfinance
2025-12-22,^NBI,Nasdaq Biotech (NBI),纳斯达克生物科技,nbi,5824.16015625,yfinance
2025-12-23,^NBI,Nasdaq Biotech (NBI),纳斯达克生物科技,nbi,5803.56005859375,yfinance
2025-12-24,^NBI,Nasdaq Biotech (NBI),纳斯达克生物科技,nbi,5843.740234375,yfinance
2025-12-26,^NBI,Nasdaq Biotech (NBI),纳斯达克生物科技,nbi,5809.25,yfinance
2025-12-29,^NBI,Nasdaq Biotech (NBI),纳斯达克生物科技,nbi,5766.419921875,yfinance
2025-12-30,^NBI,Nasdaq Biotech (NBI),纳斯达克生物科技,nbi,5707.25,yfinance
2025-12-31,^NBI,Nasdaq Biotech (NBI),纳斯达克生物科技,nbi,5707.2001953125,yfinance
2026-01-02,^NBI,Nasdaq Biotech (NBI),纳斯达克生物科技,nbi,5706.68994140625,yfinance
2026-01-05,^NBI,Nasdaq Biotech (NBI),纳斯达克生物科技,nbi,5639.7099609375,yfinance
2026-01-06,^NBI,Nasdaq Biotech (NBI),纳斯达克生物科技,nbi,5767.669921875,yfinance
2026-01-07,^NBI,Nasdaq Biotech (NBI),纳斯达克生物科技,nbi,5943.5498046875,yfinance
2026-01-08,^NBI,Nasdaq Biotech (NBI),纳斯达克生物科技,nbi,5807.22021484375,yfinance
2026-01-09,^NBI,Nasdaq Biotech (NBI),纳斯达克生物科技,nbi,5817.43994140625,yfinance
2026-01-12,^NBI,Nasdaq Biotech (NBI),纳斯达克生物科技,nbi,5774.6201171875,yfinance
2026-01-13,^NBI,Nasdaq Biotech (NBI),纳斯达克生物科技,nbi,5775.47998046875,yfinance
2026-01-14,^NBI,Nasdaq Biotech (NBI),纳斯达克生物科技,nbi,5841.64990234375,yfinance
2026-01-15,^NBI,Nasdaq Biotech (NBI),纳斯达克生物科技,nbi,5759.669921875,yfinance
2026-01-16,^NBI,Nasdaq Biotech (NBI),纳斯达克生物科技,nbi,5759.39013671875,yfinance
2026-01-20,^NBI,Nasdaq Biotech (NBI),纳斯达克生物科技,nbi,5785.06005859375,yfinance
2026-01-21,^NBI,Nasdaq Biotech (NBI),纳斯达克生物科技,nbi,5925.58984375,yfinance
2026-01-22,^NBI,Nasdaq Biotech (NBI),纳斯达克生物科技,nbi,6021.60986328125,yfinance
2026-01-23,^NBI,Nasdaq Biotech (NBI),纳斯达克生物科技,nbi,5936.740234375,yfinance
2026-01-26,^NBI,Nasdaq Biotech (NBI),纳斯达克生物科技,nbi,5960.81005859375,yfinance
2026-01-27,^NBI,Nasdaq Biotech (NBI),纳斯达克生物科技,nbi,5995.4599609375,yfinance
2026-01-28,^NBI,Nasdaq Biotech (NBI),纳斯达克生物科技,nbi,5894.919921875,yfinance
2026-01-29,^NBI,Nasdaq Biotech (NBI),纳斯达克生物科技,nbi,5911.68994140625,yfinance
2026-01-30,^NBI,Nasdaq Biotech (NBI),纳斯达克生物科技,nbi,5852.669921875,yfinance
2026-02-02,^NBI,Nasdaq Biotech (NBI),纳斯达克生物科技,nbi,5917.3798828125,yfinance
2026-02-03,^NBI,Nasdaq Biotech (NBI),纳斯达克生物科技,nbi,5913.4599609375,yfinance
2026-02-04,^NBI,Nasdaq Biotech (NBI),纳斯达克生物科技,nbi,5928.0,yfinance
2026-02-05,^NBI,Nasdaq Biotech (NBI),纳斯达克生物科技,nbi,5805.97998046875,yfinance
2026-02-06,^NBI,Nasdaq Biotech (NBI),纳斯达克生物科技,nbi,5980.35986328125,yfinance
2026-02-09,^NBI,Nasdaq Biotech (NBI),纳斯达克生物科技,nbi,5970.10009765625,yfinance
2026-02-10,^NBI,Nasdaq Biotech (NBI),纳斯达克生物科技,nbi,5897.5,yfinance
2026-02-11,^NBI,Nasdaq Biotech (NBI),纳斯达克生物科技,nbi,5923.25,yfinance
2026-02-12,^NBI,Nasdaq Biotech (NBI),纳斯达克生物科技,nbi,5860.669921875,yfinance
2026-02-13,^NBI,Nasdaq Biotech (NBI),纳斯达克生物科技,nbi,5917.240234375,yfinance
2026-02-17,^NBI,Nasdaq Biotech (NBI),纳斯达克生物科技,nbi,5970.47998046875,yfinance
2026-02-18,^NBI,Nasdaq Biotech (NBI),纳斯达克生物科技,nbi,5996.81005859375,yfinance
2026-02-19,^NBI,Nasdaq Biotech (NBI),纳斯达克生物科技,nbi,6010.6201171875,yfinance
2026-02-20,^NBI,Nasdaq Biotech (NBI),纳斯达克生物科技,nbi,5979.490234375,yfinance
2026-02-23,^NBI,Nasdaq Biotech (NBI),纳斯达克生物科技,nbi,6014.08984375,yfinance
2026-02-24,^NBI,Nasdaq Biotech (NBI),纳斯达克生物科技,nbi,6061.7998046875,yfinance
2026-02-25,^NBI,Nasdaq Biotech (NBI),纳斯达克生物科技,nbi,6030.39013671875,yfinance
2026-02-26,^NBI,Nasdaq Biotech (NBI),纳斯达克生物科技,nbi,5987.740234375,yfinance
2026-02-27,^NBI,Nasdaq Biotech (NBI),纳斯达克生物科技,nbi,6041.31005859375,yfinance
2026-03-02,^NBI,Nasdaq Biotech (NBI),纳斯达克生物科技,nbi,6011.8701171875,yfinance
2026-03-03,^NBI,Nasdaq Biotech (NBI),纳斯达克生物科技,nbi,5874.6298828125,yfinance
2026-03-04,^NBI,Nasdaq Biotech (NBI),纳斯达克生物科技,nbi,5967.27978515625,yfinance
2026-03-05,^NBI,Nasdaq Biotech (NBI),纳斯达克生物科技,nbi,5826.81005859375,yfinance
2026-03-06,^NBI,Nasdaq Biotech (NBI),纳斯达克生物科技,nbi,5788.3798828125,yfinance
2026-03-09,^NBI,Nasdaq Biotech (NBI),纳斯达克生物科技,nbi,5900.97021484375,yfinance
2026-03-10,^NBI,Nasdaq Biotech (NBI),纳斯达克生物科技,nbi,5944.52978515625,yfinance
2026-03-11,^NBI,Nasdaq Biotech (NBI),纳斯达克生物科技,nbi,5905.35009765625,yfinance
2026-03-12,^NBI,Nasdaq Biotech (NBI),纳斯达克生物科技,nbi,5746.240234375,yfinance
2026-03-13,^NBI,Nasdaq Biotech (NBI),纳斯达克生物科技,nbi,5715.490234375,yfinance
2026-03-16,^NBI,Nasdaq Biotech (NBI),纳斯达克生物科技,nbi,5774.2099609375,yfinance
2026-03-17,^NBI,Nasdaq Biotech (NBI),纳斯达克生物科技,nbi,5777.43994140625,yfinance
2026-03-18,^NBI,Nasdaq Biotech (NBI),纳斯达克生物科技,nbi,5660.2099609375,yfinance
2026-03-19,^NBI,Nasdaq Biotech (NBI),纳斯达克生物科技,nbi,5686.990234375,yfinance
2026-03-20,^NBI,Nasdaq Biotech (NBI),纳斯达克生物科技,nbi,5592.080078125,yfinance
2026-03-23,^NBI,Nasdaq Biotech (NBI),纳斯达克生物科技,nbi,5623.18017578125,yfinance
2026-03-24,^NBI,Nasdaq Biotech (NBI),纳斯达克生物科技,nbi,5582.25,yfinance
2026-03-25,^NBI,Nasdaq Biotech (NBI),纳斯达克生物科技,nbi,5729.509765625,yfinance
2026-03-26,^NBI,Nasdaq Biotech (NBI),纳斯达克生物科技,nbi,5716.64013671875,yfinance
2026-03-27,^NBI,Nasdaq Biotech (NBI),纳斯达克生物科技,nbi,5549.39990234375,yfinance
2026-03-30,^NBI,Nasdaq Biotech (NBI),纳斯达克生物科技,nbi,5584.43994140625,yfinance
2026-03-31,^NBI,Nasdaq Biotech (NBI),纳斯达克生物科技,nbi,5839.39990234375,yfinance
2026-04-01,^NBI,Nasdaq Biotech (NBI),纳斯达克生物科技,nbi,5874.31005859375,yfinance
2026-04-02,^NBI,Nasdaq Biotech (NBI),纳斯达克生物科技,nbi,5852.5,yfinance
2026-04-06,^NBI,Nasdaq Biotech (NBI),纳斯达克生物科技,nbi,5826.7099609375,yfinance
2026-04-07,^NBI,Nasdaq Biotech (NBI),纳斯达克生物科技,nbi,5814.2001953125,yfinance
2026-04-08,^NBI,Nasdaq Biotech (NBI),纳斯达克生物科技,nbi,5922.97021484375,yfinance
2026-04-09,^NBI,Nasdaq Biotech (NBI),纳斯达克生物科技,nbi,5945.89990234375,yfinance
2026-04-10,^NBI,Nasdaq Biotech (NBI),纳斯达克生物科技,nbi,5849.10986328125,yfinance
2026-04-13,^NBI,Nasdaq Biotech (NBI),纳斯达克生物科技,nbi,5948.81982421875,yfinance
2026-04-14,^NBI,Nasdaq Biotech (NBI),纳斯达克生物科技,nbi,6067.06005859375,yfinance
2026-04-15,^NBI,Nasdaq Biotech (NBI),纳斯达克生物科技,nbi,6077.72998046875,yfinance
2026-04-16,^NBI,Nasdaq Biotech (NBI),纳斯达克生物科技,nbi,6035.08984375,yfinance
2026-04-17,^NBI,Nasdaq Biotech (NBI),纳斯达克生物科技,nbi,6131.77978515625,yfinance
2026-04-20,^NBI,Nasdaq Biotech (NBI),纳斯达克生物科技,nbi,6100.72021484375,yfinance
2026-04-21,^NBI,Nasdaq Biotech (NBI),纳斯达克生物科技,nbi,6046.5400390625,yfinance
2026-04-22,^NBI,Nasdaq Biotech (NBI),纳斯达克生物科技,nbi,6052.0498046875,yfinance
2026-04-23,^NBI,Nasdaq Biotech (NBI),纳斯达克生物科技,nbi,5965.0,yfinance
2026-04-24,^NBI,Nasdaq Biotech (NBI),纳斯达克生物科技,nbi,5899.27001953125,yfinance
2026-04-27,^NBI,Nasdaq Biotech (NBI),纳斯达克生物科技,nbi,5872.75,yfinance
2026-04-28,^NBI,Nasdaq Biotech (NBI),纳斯达克生物科技,nbi,5827.5498046875,yfinance
2026-04-29,^NBI,Nasdaq Biotech (NBI),纳斯达克生物科技,nbi,5753.8798828125,yfinance
2026-04-30,^NBI,Nasdaq Biotech (NBI),纳斯达克生物科技,nbi,5862.93994140625,yfinance
2026-05-01,^NBI,Nasdaq Biotech (NBI),纳斯达克生物科技,nbi,5799.31005859375,yfinance
2026-05-04,^NBI,Nasdaq Biotech (NBI),纳斯达克生物科技,nbi,5899.93994140625,yfinance
2026-05-05,^NBI,Nasdaq Biotech (NBI),纳斯达克生物科技,nbi,5910.22998046875,yfinance
2026-05-06,^NBI,Nasdaq Biotech (NBI),纳斯达克生物科技,nbi,6036.4501953125,yfinance
2026-05-07,^NBI,Nasdaq Biotech (NBI),纳斯达克生物科技,nbi,5902.4599609375,yfinance
2026-05-08,^NBI,Nasdaq Biotech (NBI),纳斯达克生物科技,nbi,5926.009765625,yfinance
2026-05-11,^NBI,Nasdaq Biotech (NBI),纳斯达克生物科技,nbi,5930.7998046875,yfinance
2026-05-12,^NBI,Nasdaq Biotech (NBI),纳斯达克生物科技,nbi,5998.2001953125,yfinance
2026-05-13,^NBI,Nasdaq Biotech (NBI),纳斯达克生物科技,nbi,6029.02001953125,yfinance
2026-05-14,^NBI,Nasdaq Biotech (NBI),纳斯达克生物科技,nbi,5988.02978515625,yfinance
2026-05-15,^NBI,Nasdaq Biotech (NBI),纳斯达克生物科技,nbi,5825.509765625,yfinance
2026-05-18,^NBI,Nasdaq Biotech (NBI),纳斯达克生物科技,nbi,5717.60009765625,yfinance
2026-05-19,^NBI,Nasdaq Biotech (NBI),纳斯达克生物科技,nbi,5719.919921875,yfinance
2026-05-20,^NBI,Nasdaq Biotech (NBI),纳斯达克生物科技,nbi,5860.919921875,yfinance
2026-05-21,^NBI,Nasdaq Biotech (NBI),纳斯达克生物科技,nbi,5901.56005859375,yfinance
2026-05-22,^NBI,Nasdaq Biotech (NBI),纳斯达克生物科技,nbi,5891.4599609375,yfinance
2026-05-26,^NBI,Nasdaq Biotech (NBI),纳斯达克生物科技,nbi,5913.3798828125,yfinance
2026-05-27,^NBI,Nasdaq Biotech (NBI),纳斯达克生物科技,nbi,5931.31005859375,yfinance
2026-05-28,^NBI,Nasdaq Biotech (NBI),纳斯达克生物科技,nbi,5995.93994140625,yfinance
2026-05-29,^NBI,Nasdaq Biotech (NBI),纳斯达克生物科技,nbi,5989.81005859375,yfinance
2026-06-01,^NBI,Nasdaq Biotech (NBI),纳斯达克生物科技,nbi,5878.6201171875,yfinance
2025-08-01,^GSPC,S&P 500,标普500,sphc,6238.009765625,yfinance
2025-08-04,^GSPC,S&P 500,标普500,sphc,6329.93994140625,yfinance
2025-08-05,^GSPC,S&P 500,标普500,sphc,6299.18994140625,yfinance
2025-08-06,^GSPC,S&P 500,标普500,sphc,6345.06005859375,yfinance
2025-08-07,^GSPC,S&P 500,标普500,sphc,6340.0,yfinance
2025-08-08,^GSPC,S&P 500,标普500,sphc,6389.4501953125,yfinance
2025-08-11,^GSPC,S&P 500,标普500,sphc,6373.4501953125,yfinance
2025-08-12,^GSPC,S&P 500,标普500,sphc,6445.759765625,yfinance
2025-08-13,^GSPC,S&P 500,标普500,sphc,6466.580078125,yfinance
2025-08-14,^GSPC,S&P 500,标普500,sphc,6468.5400390625,yfinance
2025-08-15,^GSPC,S&P 500,标普500,sphc,6449.7998046875,yfinance
2025-08-18,^GSPC,S&P 500,标普500,sphc,6449.14990234375,yfinance
2025-08-19,^GSPC,S&P 500,标普500,sphc,6411.3701171875,yfinance
2025-08-20,^GSPC,S&P 500,标普500,sphc,6395.77978515625,yfinance
2025-08-21,^GSPC,S&P 500,标普500,sphc,6370.169921875,yfinance
2025-08-22,^GSPC,S&P 500,标普500,sphc,6466.91015625,yfinance
2025-08-25,^GSPC,S&P 500,标普500,sphc,6439.31982421875,yfinance
2025-08-26,^GSPC,S&P 500,标普500,sphc,6465.93994140625,yfinance
2025-08-27,^GSPC,S&P 500,标普500,sphc,6481.39990234375,yfinance
2025-08-28,^GSPC,S&P 500,标普500,sphc,6501.85986328125,yfinance
2025-08-29,^GSPC,S&P 500,标普500,sphc,6460.259765625,yfinance
2025-09-02,^GSPC,S&P 500,标普500,sphc,6415.5400390625,yfinance
2025-09-03,^GSPC,S&P 500,标普500,sphc,6448.259765625,yfinance
2025-09-04,^GSPC,S&P 500,标普500,sphc,6502.080078125,yfinance
2025-09-05,^GSPC,S&P 500,标普500,sphc,6481.5,yfinance
2025-09-08,^GSPC,S&P 500,标普500,sphc,6495.14990234375,yfinance
2025-09-09,^GSPC,S&P 500,标普500,sphc,6512.60986328125,yfinance
2025-09-10,^GSPC,S&P 500,标普500,sphc,6532.0400390625,yfinance
2025-09-11,^GSPC,S&P 500,标普500,sphc,6587.47021484375,yfinance
2025-09-12,^GSPC,S&P 500,标普500,sphc,6584.2900390625,yfinance
2025-09-15,^GSPC,S&P 500,标普500,sphc,6615.27978515625,yfinance
2025-09-16,^GSPC,S&P 500,标普500,sphc,6606.759765625,yfinance
2025-09-17,^GSPC,S&P 500,标普500,sphc,6600.35009765625,yfinance
2025-09-18,^GSPC,S&P 500,标普500,sphc,6631.9599609375,yfinance
2025-09-19,^GSPC,S&P 500,标普500,sphc,6664.35986328125,yfinance
2025-09-22,^GSPC,S&P 500,标普500,sphc,6693.75,yfinance
2025-09-23,^GSPC,S&P 500,标普500,sphc,6656.919921875,yfinance
2025-09-24,^GSPC,S&P 500,标普500,sphc,6637.97021484375,yfinance
2025-09-25,^GSPC,S&P 500,标普500,sphc,6604.72021484375,yfinance
2025-09-26,^GSPC,S&P 500,标普500,sphc,6643.7001953125,yfinance
2025-09-29,^GSPC,S&P 500,标普500,sphc,6661.2099609375,yfinance
2025-09-30,^GSPC,S&P 500,标普500,sphc,6688.4599609375,yfinance
2025-10-01,^GSPC,S&P 500,标普500,sphc,6711.2001953125,yfinance
2025-10-02,^GSPC,S&P 500,标普500,sphc,6715.35009765625,yfinance
2025-10-03,^GSPC,S&P 500,标普500,sphc,6715.7900390625,yfinance
2025-10-06,^GSPC,S&P 500,标普500,sphc,6740.27978515625,yfinance
2025-10-07,^GSPC,S&P 500,标普500,sphc,6714.58984375,yfinance
2025-10-08,^GSPC,S&P 500,标普500,sphc,6753.72021484375,yfinance
2025-10-09,^GSPC,S&P 500,标普500,sphc,6735.10986328125,yfinance
2025-10-10,^GSPC,S&P 500,标普500,sphc,6552.509765625,yfinance
2025-10-13,^GSPC,S&P 500,标普500,sphc,6654.72021484375,yfinance
2025-10-14,^GSPC,S&P 500,标普500,sphc,6644.31005859375,yfinance
2025-10-15,^GSPC,S&P 500,标普500,sphc,6671.06005859375,yfinance
2025-10-16,^GSPC,S&P 500,标普500,sphc,6629.06982421875,yfinance
2025-10-17,^GSPC,S&P 500,标普500,sphc,6664.009765625,yfinance
2025-10-20,^GSPC,S&P 500,标普500,sphc,6735.1298828125,yfinance
2025-10-21,^GSPC,S&P 500,标普500,sphc,6735.35009765625,yfinance
2025-10-22,^GSPC,S&P 500,标普500,sphc,6699.39990234375,yfinance
2025-10-23,^GSPC,S&P 500,标普500,sphc,6738.43994140625,yfinance
2025-10-24,^GSPC,S&P 500,标普500,sphc,6791.68994140625,yfinance
2025-10-27,^GSPC,S&P 500,标普500,sphc,6875.16015625,yfinance
2025-10-28,^GSPC,S&P 500,标普500,sphc,6890.89013671875,yfinance
2025-10-29,^GSPC,S&P 500,标普500,sphc,6890.58984375,yfinance
2025-10-30,^GSPC,S&P 500,标普500,sphc,6822.33984375,yfinance
2025-10-31,^GSPC,S&P 500,标普500,sphc,6840.2001953125,yfinance
2025-11-03,^GSPC,S&P 500,标普500,sphc,6851.97021484375,yfinance
2025-11-04,^GSPC,S&P 500,标普500,sphc,6771.5498046875,yfinance
2025-11-05,^GSPC,S&P 500,标普500,sphc,6796.2900390625,yfinance
2025-11-06,^GSPC,S&P 500,标普500,sphc,6720.31982421875,yfinance
2025-11-07,^GSPC,S&P 500,标普500,sphc,6728.7998046875,yfinance
2025-11-10,^GSPC,S&P 500,标普500,sphc,6832.43017578125,yfinance
2025-11-11,^GSPC,S&P 500,标普500,sphc,6846.60986328125,yfinance
2025-11-12,^GSPC,S&P 500,标普500,sphc,6850.919921875,yfinance
2025-11-13,^GSPC,S&P 500,标普500,sphc,6737.490234375,yfinance
2025-11-14,^GSPC,S&P 500,标普500,sphc,6734.10986328125,yfinance
2025-11-17,^GSPC,S&P 500,标普500,sphc,6672.41015625,yfinance
2025-11-18,^GSPC,S&P 500,标普500,sphc,6617.31982421875,yfinance
2025-11-19,^GSPC,S&P 500,标普500,sphc,6642.16015625,yfinance
2025-11-20,^GSPC,S&P 500,标普500,sphc,6538.759765625,yfinance
2025-11-21,^GSPC,S&P 500,标普500,sphc,6602.990234375,yfinance
2025-11-24,^GSPC,S&P 500,标普500,sphc,6705.1201171875,yfinance
2025-11-25,^GSPC,S&P 500,标普500,sphc,6765.8798828125,yfinance
2025-11-26,^GSPC,S&P 500,标普500,sphc,6812.60986328125,yfinance
2025-11-28,^GSPC,S&P 500,标普500,sphc,6849.08984375,yfinance
2025-12-01,^GSPC,S&P 500,标普500,sphc,6812.6298828125,yfinance
2025-12-02,^GSPC,S&P 500,标普500,sphc,6829.3701171875,yfinance
2025-12-03,^GSPC,S&P 500,标普500,sphc,6849.72021484375,yfinance
2025-12-04,^GSPC,S&P 500,标普500,sphc,6857.1201171875,yfinance
2025-12-05,^GSPC,S&P 500,标普500,sphc,6870.39990234375,yfinance
2025-12-08,^GSPC,S&P 500,标普500,sphc,6846.509765625,yfinance
2025-12-09,^GSPC,S&P 500,标普500,sphc,6840.509765625,yfinance
2025-12-10,^GSPC,S&P 500,标普500,sphc,6886.68017578125,yfinance
2025-12-11,^GSPC,S&P 500,标普500,sphc,6901.0,yfinance
2025-12-12,^GSPC,S&P 500,标普500,sphc,6827.41015625,yfinance
2025-12-15,^GSPC,S&P 500,标普500,sphc,6816.509765625,yfinance
2025-12-16,^GSPC,S&P 500,标普500,sphc,6800.259765625,yfinance
2025-12-17,^GSPC,S&P 500,标普500,sphc,6721.43017578125,yfinance
2025-12-18,^GSPC,S&P 500,标普500,sphc,6774.759765625,yfinance
2025-12-19,^GSPC,S&P 500,标普500,sphc,6834.5,yfinance
2025-12-22,^GSPC,S&P 500,标普500,sphc,6878.490234375,yfinance
2025-12-23,^GSPC,S&P 500,标普500,sphc,6909.7900390625,yfinance
2025-12-24,^GSPC,S&P 500,标普500,sphc,6932.0498046875,yfinance
2025-12-26,^GSPC,S&P 500,标普500,sphc,6929.93994140625,yfinance
2025-12-29,^GSPC,S&P 500,标普500,sphc,6905.740234375,yfinance
2025-12-30,^GSPC,S&P 500,标普500,sphc,6896.240234375,yfinance
2025-12-31,^GSPC,S&P 500,标普500,sphc,6845.5,yfinance
2026-01-02,^GSPC,S&P 500,标普500,sphc,6858.47021484375,yfinance
2026-01-05,^GSPC,S&P 500,标普500,sphc,6902.0498046875,yfinance
2026-01-06,^GSPC,S&P 500,标普500,sphc,6944.81982421875,yfinance
2026-01-07,^GSPC,S&P 500,标普500,sphc,6920.93017578125,yfinance
2026-01-08,^GSPC,S&P 500,标普500,sphc,6921.4599609375,yfinance
2026-01-09,^GSPC,S&P 500,标普500,sphc,6966.27978515625,yfinance
2026-01-12,^GSPC,S&P 500,标普500,sphc,6977.27001953125,yfinance
2026-01-13,^GSPC,S&P 500,标普500,sphc,6963.740234375,yfinance
2026-01-14,^GSPC,S&P 500,标普500,sphc,6926.60009765625,yfinance
2026-01-15,^GSPC,S&P 500,标普500,sphc,6944.47021484375,yfinance
2026-01-16,^GSPC,S&P 500,标普500,sphc,6940.009765625,yfinance
2026-01-20,^GSPC,S&P 500,标普500,sphc,6796.85986328125,yfinance
2026-01-21,^GSPC,S&P 500,标普500,sphc,6875.6201171875,yfinance
2026-01-22,^GSPC,S&P 500,标普500,sphc,6913.35009765625,yfinance
2026-01-23,^GSPC,S&P 500,标普500,sphc,6915.60986328125,yfinance
2026-01-26,^GSPC,S&P 500,标普500,sphc,6950.22998046875,yfinance
2026-01-27,^GSPC,S&P 500,标普500,sphc,6978.60009765625,yfinance
2026-01-28,^GSPC,S&P 500,标普500,sphc,6978.02978515625,yfinance
2026-01-29,^GSPC,S&P 500,标普500,sphc,6969.009765625,yfinance
2026-01-30,^GSPC,S&P 500,标普500,sphc,6939.02978515625,yfinance
2026-02-02,^GSPC,S&P 500,标普500,sphc,6976.43994140625,yfinance
2026-02-03,^GSPC,S&P 500,标普500,sphc,6917.81005859375,yfinance
2026-02-04,^GSPC,S&P 500,标普500,sphc,6882.72021484375,yfinance
2026-02-05,^GSPC,S&P 500,标普500,sphc,6798.39990234375,yfinance
2026-02-06,^GSPC,S&P 500,标普500,sphc,6932.2998046875,yfinance
2026-02-09,^GSPC,S&P 500,标普500,sphc,6964.81982421875,yfinance
2026-02-10,^GSPC,S&P 500,标普500,sphc,6941.81005859375,yfinance
2026-02-11,^GSPC,S&P 500,标普500,sphc,6941.47021484375,yfinance
2026-02-12,^GSPC,S&P 500,标普500,sphc,6832.759765625,yfinance
2026-02-13,^GSPC,S&P 500,标普500,sphc,6836.169921875,yfinance
2026-02-17,^GSPC,S&P 500,标普500,sphc,6843.22021484375,yfinance
2026-02-18,^GSPC,S&P 500,标普500,sphc,6881.31005859375,yfinance
2026-02-19,^GSPC,S&P 500,标普500,sphc,6861.89013671875,yfinance
2026-02-20,^GSPC,S&P 500,标普500,sphc,6909.509765625,yfinance
2026-02-23,^GSPC,S&P 500,标普500,sphc,6837.75,yfinance
2026-02-24,^GSPC,S&P 500,标普500,sphc,6890.06982421875,yfinance
2026-02-25,^GSPC,S&P 500,标普500,sphc,6946.1298828125,yfinance
2026-02-26,^GSPC,S&P 500,标普500,sphc,6908.85986328125,yfinance
2026-02-27,^GSPC,S&P 500,标普500,sphc,6878.8798828125,yfinance
2026-03-02,^GSPC,S&P 500,标普500,sphc,6881.6201171875,yfinance
2026-03-03,^GSPC,S&P 500,标普500,sphc,6816.6298828125,yfinance
2026-03-04,^GSPC,S&P 500,标普500,sphc,6869.5,yfinance
2026-03-05,^GSPC,S&P 500,标普500,sphc,6830.7099609375,yfinance
2026-03-06,^GSPC,S&P 500,标普500,sphc,6740.02001953125,yfinance
2026-03-09,^GSPC,S&P 500,标普500,sphc,6795.990234375,yfinance
2026-03-10,^GSPC,S&P 500,标普500,sphc,6781.47998046875,yfinance
2026-03-11,^GSPC,S&P 500,标普500,sphc,6775.7998046875,yfinance
2026-03-12,^GSPC,S&P 500,标普500,sphc,6672.6201171875,yfinance
2026-03-13,^GSPC,S&P 500,标普500,sphc,6632.18994140625,yfinance
2026-03-16,^GSPC,S&P 500,标普500,sphc,6699.3798828125,yfinance
2026-03-17,^GSPC,S&P 500,标普500,sphc,6716.08984375,yfinance
2026-03-18,^GSPC,S&P 500,标普500,sphc,6624.7001953125,yfinance
2026-03-19,^GSPC,S&P 500,标普500,sphc,6606.490234375,yfinance
2026-03-20,^GSPC,S&P 500,标普500,sphc,6506.47998046875,yfinance
2026-03-23,^GSPC,S&P 500,标普500,sphc,6581.0,yfinance
2026-03-24,^GSPC,S&P 500,标普500,sphc,6556.3701171875,yfinance
2026-03-25,^GSPC,S&P 500,标普500,sphc,6591.89990234375,yfinance
2026-03-26,^GSPC,S&P 500,标普500,sphc,6477.16015625,yfinance
2026-03-27,^GSPC,S&P 500,标普500,sphc,6368.85009765625,yfinance
2026-03-30,^GSPC,S&P 500,标普500,sphc,6343.72021484375,yfinance
2026-03-31,^GSPC,S&P 500,标普500,sphc,6528.52001953125,yfinance
2026-04-01,^GSPC,S&P 500,标普500,sphc,6575.31982421875,yfinance
2026-04-02,^GSPC,S&P 500,标普500,sphc,6582.68994140625,yfinance
2026-04-06,^GSPC,S&P 500,标普500,sphc,6611.830078125,yfinance
2026-04-07,^GSPC,S&P 500,标普500,sphc,6616.85009765625,yfinance
2026-04-08,^GSPC,S&P 500,标普500,sphc,6782.81005859375,yfinance
2026-04-09,^GSPC,S&P 500,标普500,sphc,6824.66015625,yfinance
2026-04-10,^GSPC,S&P 500,标普500,sphc,6816.89013671875,yfinance
2026-04-13,^GSPC,S&P 500,标普500,sphc,6886.240234375,yfinance
2026-04-14,^GSPC,S&P 500,标普500,sphc,6967.3798828125,yfinance
2026-04-15,^GSPC,S&P 500,标普500,sphc,7022.9501953125,yfinance
2026-04-16,^GSPC,S&P 500,标普500,sphc,7041.27978515625,yfinance
2026-04-17,^GSPC,S&P 500,标普500,sphc,7126.06005859375,yfinance
2026-04-20,^GSPC,S&P 500,标普500,sphc,7109.14013671875,yfinance
2026-04-21,^GSPC,S&P 500,标普500,sphc,7064.009765625,yfinance
2026-04-22,^GSPC,S&P 500,标普500,sphc,7137.89990234375,yfinance
2026-04-23,^GSPC,S&P 500,标普500,sphc,7108.39990234375,yfinance
2026-04-24,^GSPC,S&P 500,标普500,sphc,7165.080078125,yfinance
2026-04-27,^GSPC,S&P 500,标普500,sphc,7173.91015625,yfinance
2026-04-28,^GSPC,S&P 500,标普500,sphc,7138.7998046875,yfinance
2026-04-29,^GSPC,S&P 500,标普500,sphc,7135.9501953125,yfinance
2026-04-30,^GSPC,S&P 500,标普500,sphc,7209.009765625,yfinance
2026-05-01,^GSPC,S&P 500,标普500,sphc,7230.1201171875,yfinance
2026-05-04,^GSPC,S&P 500,标普500,sphc,7200.75,yfinance
2026-05-05,^GSPC,S&P 500,标普500,sphc,7259.22021484375,yfinance
2026-05-06,^GSPC,S&P 500,标普500,sphc,7365.1201171875,yfinance
2026-05-07,^GSPC,S&P 500,标普500,sphc,7337.10986328125,yfinance
2026-05-08,^GSPC,S&P 500,标普500,sphc,7398.93017578125,yfinance
2026-05-11,^GSPC,S&P 500,标普500,sphc,7412.83984375,yfinance
2026-05-12,^GSPC,S&P 500,标普500,sphc,7400.9599609375,yfinance
2026-05-13,^GSPC,S&P 500,标普500,sphc,7444.25,yfinance
2026-05-14,^GSPC,S&P 500,标普500,sphc,7501.240234375,yfinance
2026-05-15,^GSPC,S&P 500,标普500,sphc,7408.5,yfinance
2026-05-18,^GSPC,S&P 500,标普500,sphc,7403.0498046875,yfinance
2026-05-19,^GSPC,S&P 500,标普500,sphc,7353.60986328125,yfinance
2026-05-20,^GSPC,S&P 500,标普500,sphc,7432.97021484375,yfinance
2026-05-21,^GSPC,S&P 500,标普500,sphc,7445.72021484375,yfinance
2026-05-22,^GSPC,S&P 500,标普500,sphc,7473.47021484375,yfinance
2026-05-26,^GSPC,S&P 500,标普500,sphc,7519.1201171875,yfinance
2026-05-27,^GSPC,S&P 500,标普500,sphc,7520.35986328125,yfinance
2026-05-28,^GSPC,S&P 500,标普500,sphc,7563.6298828125,yfinance
2026-05-29,^GSPC,S&P 500,标普500,sphc,7580.06005859375,yfinance
2026-06-01,^GSPC,S&P 500,标普500,sphc,7599.9599609375,yfinance
2025-08-01,^SP500-35,S&P 500 Health Care,标普500医疗保健,sphc,1527.2900390625,yfinance
2025-08-04,^SP500-35,S&P 500 Health Care,标普500医疗保健,sphc,1548.81005859375,yfinance
2025-08-05,^SP500-35,S&P 500 Health Care,标普500医疗保健,sphc,1542.800048828125,yfinance
2025-08-06,^SP500-35,S&P 500 Health Care,标普500医疗保健,sphc,1519.3599853515625,yfinance
2025-08-07,^SP500-35,S&P 500 Health Care,标普500医疗保健,sphc,1501.739990234375,yfinance
2025-08-08,^SP500-35,S&P 500 Health Care,标普500医疗保健,sphc,1515.3199462890625,yfinance
2025-08-11,^SP500-35,S&P 500 Health Care,标普500医疗保健,sphc,1516.3499755859375,yfinance
2025-08-12,^SP500-35,S&P 500 Health Care,标普500医疗保健,sphc,1527.5699462890625,yfinance
2025-08-13,^SP500-35,S&P 500 Health Care,标普500医疗保健,sphc,1551.780029296875,yfinance
2025-08-14,^SP500-35,S&P 500 Health Care,标普500医疗保健,sphc,1559.5400390625,yfinance
2025-08-15,^SP500-35,S&P 500 Health Care,标普500医疗保健,sphc,1585.3399658203125,yfinance
2025-08-18,^SP500-35,S&P 500 Health Care,标普500医疗保健,sphc,1581.760009765625,yfinance
2025-08-19,^SP500-35,S&P 500 Health Care,标普500医疗保健,sphc,1591.510009765625,yfinance
2025-08-20,^SP500-35,S&P 500 Health Care,标普500医疗保健,sphc,1601.030029296875,yfinance
2025-08-21,^SP500-35,S&P 500 Health Care,标普500医疗保健,sphc,1595.1600341796875,yfinance
2025-08-22,^SP500-35,S&P 500 Health Care,标普500医疗保健,sphc,1608.1800537109375,yfinance
2025-08-25,^SP500-35,S&P 500 Health Care,标普500医疗保健,sphc,1585.050048828125,yfinance
2025-08-26,^SP500-35,S&P 500 Health Care,标普500医疗保健,sphc,1593.780029296875,yfinance
2025-08-27,^SP500-35,S&P 500 Health Care,标普500医疗保健,sphc,1593.22998046875,yfinance
2025-08-28,^SP500-35,S&P 500 Health Care,标普500医疗保健,sphc,1586.5400390625,yfinance
2025-08-29,^SP500-35,S&P 500 Health Care,标普500医疗保健,sphc,1598.1300048828125,yfinance
2025-09-02,^SP500-35,S&P 500 Health Care,标普500医疗保健,sphc,1599.219970703125,yfinance
2025-09-03,^SP500-35,S&P 500 Health Care,标普500医疗保健,sphc,1592.7099609375,yfinance
2025-09-04,^SP500-35,S&P 500 Health Care,标普500医疗保健,sphc,1598.5,yfinance
2025-09-05,^SP500-35,S&P 500 Health Care,标普500医疗保健,sphc,1603.6500244140625,yfinance
2025-09-08,^SP500-35,S&P 500 Health Care,标普500医疗保健,sphc,1601.81005859375,yfinance
2025-09-09,^SP500-35,S&P 500 Health Care,标普500医疗保健,sphc,1611.3800048828125,yfinance
2025-09-10,^SP500-35,S&P 500 Health Care,标普500医疗保健,sphc,1596.739990234375,yfinance
2025-09-11,^SP500-35,S&P 500 Health Care,标普500医疗保健,sphc,1624.3399658203125,yfinance
2025-09-12,^SP500-35,S&P 500 Health Care,标普500医疗保健,sphc,1606.0,yfinance
2025-09-15,^SP500-35,S&P 500 Health Care,标普500医疗保健,sphc,1589.800048828125,yfinance
2025-09-16,^SP500-35,S&P 500 Health Care,标普500医疗保健,sphc,1590.25,yfinance
2025-09-17,^SP500-35,S&P 500 Health Care,标普500医疗保健,sphc,1594.010009765625,yfinance
2025-09-18,^SP500-35,S&P 500 Health Care,标普500医疗保健,sphc,1596.8599853515625,yfinance
2025-09-19,^SP500-35,S&P 500 Health Care,标普500医疗保健,sphc,1594.449951171875,yfinance
2025-09-22,^SP500-35,S&P 500 Health Care,标普500医疗保健,sphc,1593.800048828125,yfinance
2025-09-23,^SP500-35,S&P 500 Health Care,标普500医疗保健,sphc,1597.6300048828125,yfinance
2025-09-24,^SP500-35,S&P 500 Health Care,标普500医疗保健,sphc,1591.8699951171875,yfinance
2025-09-25,^SP500-35,S&P 500 Health Care,标普500医疗保健,sphc,1565.22998046875,yfinance
2025-09-26,^SP500-35,S&P 500 Health Care,标普500医疗保健,sphc,1580.5899658203125,yfinance
2025-09-29,^SP500-35,S&P 500 Health Care,标普500医疗保健,sphc,1585.0999755859375,yfinance
2025-09-30,^SP500-35,S&P 500 Health Care,标普500医疗保健,sphc,1623.949951171875,yfinance
2025-10-01,^SP500-35,S&P 500 Health Care,标普500医疗保健,sphc,1672.81005859375,yfinance
2025-10-02,^SP500-35,S&P 500 Health Care,标普500医疗保健,sphc,1669.6199951171875,yfinance
2025-10-03,^SP500-35,S&P 500 Health Care,标普500医疗保健,sphc,1688.4599609375,yfinance
2025-10-06,^SP500-35,S&P 500 Health Care,标普500医疗保健,sphc,1680.3599853515625,yfinance
2025-10-07,^SP500-35,S&P 500 Health Care,标普500医疗保健,sphc,1681.6500244140625,yfinance
2025-10-08,^SP500-35,S&P 500 Health Care,标普500医疗保健,sphc,1684.6400146484375,yfinance
2025-10-09,^SP500-35,S&P 500 Health Care,标普500医疗保健,sphc,1681.97998046875,yfinance
2025-10-10,^SP500-35,S&P 500 Health Care,标普500医疗保健,sphc,1657.0,yfinance
2025-10-13,^SP500-35,S&P 500 Health Care,标普500医疗保健,sphc,1655.5699462890625,yfinance
2025-10-14,^SP500-35,S&P 500 Health Care,标普500医疗保健,sphc,1660.010009765625,yfinance
2025-10-15,^SP500-35,S&P 500 Health Care,标普500医疗保健,sphc,1660.5,yfinance
2025-10-16,^SP500-35,S&P 500 Health Care,标普500医疗保健,sphc,1658.6500244140625,yfinance
2025-10-17,^SP500-35,S&P 500 Health Care,标普500医疗保健,sphc,1669.1800537109375,yfinance
2025-10-20,^SP500-35,S&P 500 Health Care,标普500医疗保健,sphc,1687.030029296875,yfinance
2025-10-21,^SP500-35,S&P 500 Health Care,标普500医疗保健,sphc,1690.56005859375,yfinance
2025-10-22,^SP500-35,S&P 500 Health Care,标普500医疗保健,sphc,1700.93994140625,yfinance
2025-10-23,^SP500-35,S&P 500 Health Care,标普500医疗保健,sphc,1701.469970703125,yfinance
2025-10-24,^SP500-35,S&P 500 Health Care,标普500医疗保健,sphc,1701.050048828125,yfinance
2025-10-27,^SP500-35,S&P 500 Health Care,标普500医疗保健,sphc,1705.7900390625,yfinance
2025-10-28,^SP500-35,S&P 500 Health Care,标普500医疗保健,sphc,1694.1500244140625,yfinance
2025-10-29,^SP500-35,S&P 500 Health Care,标普500医疗保健,sphc,1677.75,yfinance
2025-10-30,^SP500-35,S&P 500 Health Care,标普500医疗保健,sphc,1681.510009765625,yfinance
2025-10-31,^SP500-35,S&P 500 Health Care,标普500医疗保健,sphc,1680.030029296875,yfinance
2025-11-03,^SP500-35,S&P 500 Health Care,标普500医疗保健,sphc,1682.1500244140625,yfinance
2025-11-04,^SP500-35,S&P 500 Health Care,标普500医疗保健,sphc,1688.8499755859375,yfinance
2025-11-05,^SP500-35,S&P 500 Health Care,标普500医疗保健,sphc,1696.3299560546875,yfinance
2025-11-06,^SP500-35,S&P 500 Health Care,标普500医疗保健,sphc,1699.550048828125,yfinance
2025-11-07,^SP500-35,S&P 500 Health Care,标普500医疗保健,sphc,1701.6400146484375,yfinance
2025-11-10,^SP500-35,S&P 500 Health Care,标普500医疗保健,sphc,1715.18994140625,yfinance
2025-11-11,^SP500-35,S&P 500 Health Care,标普500医疗保健,sphc,1755.0999755859375,yfinance
2025-11-12,^SP500-35,S&P 500 Health Care,标普500医疗保健,sphc,1779.0,yfinance
2025-11-13,^SP500-35,S&P 500 Health Care,标普500医疗保健,sphc,1778.6400146484375,yfinance
2025-11-14,^SP500-35,S&P 500 Health Care,标普500医疗保健,sphc,1767.489990234375,yfinance
2025-11-17,^SP500-35,S&P 500 Health Care,标普500医疗保健,sphc,1766.47998046875,yfinance
2025-11-18,^SP500-35,S&P 500 Health Care,标普500医疗保健,sphc,1776.0799560546875,yfinance
2025-11-19,^SP500-35,S&P 500 Health Care,标普500医疗保健,sphc,1773.5400390625,yfinance
2025-11-20,^SP500-35,S&P 500 Health Care,标普500医疗保健,sphc,1762.52001953125,yfinance
2025-11-21,^SP500-35,S&P 500 Health Care,标普500医疗保健,sphc,1799.75,yfinance
2025-11-24,^SP500-35,S&P 500 Health Care,标普500医疗保健,sphc,1808.18994140625,yfinance
2025-11-25,^SP500-35,S&P 500 Health Care,标普500医疗保健,sphc,1847.27001953125,yfinance
2025-11-26,^SP500-35,S&P 500 Health Care,标普500医疗保健,sphc,1842.6400146484375,yfinance
2025-11-28,^SP500-35,S&P 500 Health Care,标普500医疗保健,sphc,1833.52001953125,yfinance
2025-12-01,^SP500-35,S&P 500 Health Care,标普500医疗保健,sphc,1806.18994140625,yfinance
2025-12-02,^SP500-35,S&P 500 Health Care,标普500医疗保健,sphc,1795.6800537109375,yfinance
2025-12-03,^SP500-35,S&P 500 Health Care,标普500医疗保健,sphc,1803.969970703125,yfinance
2025-12-04,^SP500-35,S&P 500 Health Care,标普500医疗保健,sphc,1790.77001953125,yfinance
2025-12-05,^SP500-35,S&P 500 Health Care,标普500医疗保健,sphc,1783.4000244140625,yfinance
2025-12-08,^SP500-35,S&P 500 Health Care,标普500医疗保健,sphc,1760.8199462890625,yfinance
2025-12-09,^SP500-35,S&P 500 Health Care,标普500医疗保健,sphc,1743.5400390625,yfinance
2025-12-10,^SP500-35,S&P 500 Health Care,标普500医疗保健,sphc,1768.760009765625,yfinance
2025-12-11,^SP500-35,S&P 500 Health Care,标普500医疗保健,sphc,1785.5799560546875,yfinance
2025-12-12,^SP500-35,S&P 500 Health Care,标普500医疗保健,sphc,1791.0,yfinance
2025-12-15,^SP500-35,S&P 500 Health Care,标普500医疗保健,sphc,1813.8199462890625,yfinance
2025-12-16,^SP500-35,S&P 500 Health Care,标普500医疗保健,sphc,1790.6400146484375,yfinance
2025-12-17,^SP500-35,S&P 500 Health Care,标普500医疗保健,sphc,1786.77001953125,yfinance
2025-12-18,^SP500-35,S&P 500 Health Care,标普500医疗保健,sphc,1788.27001953125,yfinance
2025-12-19,^SP500-35,S&P 500 Health Care,标普500医疗保健,sphc,1800.8599853515625,yfinance
2025-12-22,^SP500-35,S&P 500 Health Care,标普500医疗保健,sphc,1812.800048828125,yfinance
2025-12-23,^SP500-35,S&P 500 Health Care,标普500医疗保健,sphc,1809.27001953125,yfinance
2025-12-24,^SP500-35,S&P 500 Health Care,标普500医疗保健,sphc,1817.8900146484375,yfinance
2025-12-26,^SP500-35,S&P 500 Health Care,标普500医疗保健,sphc,1820.300048828125,yfinance
2025-12-29,^SP500-35,S&P 500 Health Care,标普500医疗保健,sphc,1817.6300048828125,yfinance
2025-12-30,^SP500-35,S&P 500 Health Care,标普500医疗保健,sphc,1816.1099853515625,yfinance
2025-12-31,^SP500-35,S&P 500 Health Care,标普500医疗保健,sphc,1805.8900146484375,yfinance
2026-01-02,^SP500-35,S&P 500 Health Care,标普500医疗保健,sphc,1813.780029296875,yfinance
2026-01-05,^SP500-35,S&P 500 Health Care,标普500医疗保健,sphc,1808.1400146484375,yfinance
2026-01-06,^SP500-35,S&P 500 Health Care,标普500医疗保健,sphc,1843.510009765625,yfinance
2026-01-07,^SP500-35,S&P 500 Health Care,标普500医疗保健,sphc,1862.18994140625,yfinance
2026-01-08,^SP500-35,S&P 500 Health Care,标普500医疗保健,sphc,1845.1800537109375,yfinance
2026-01-09,^SP500-35,S&P 500 Health Care,标普500医疗保健,sphc,1834.5400390625,yfinance
2026-01-12,^SP500-35,S&P 500 Health Care,标普500医疗保健,sphc,1835.7900390625,yfinance
2026-01-13,^SP500-35,S&P 500 Health Care,标普500医疗保健,sphc,1828.4599609375,yfinance
2026-01-14,^SP500-35,S&P 500 Health Care,标普500医疗保健,sphc,1841.300048828125,yfinance
2026-01-15,^SP500-35,S&P 500 Health Care,标普500医疗保健,sphc,1830.5799560546875,yfinance
2026-01-16,^SP500-35,S&P 500 Health Care,标普500医疗保健,sphc,1815.1199951171875,yfinance
2026-01-20,^SP500-35,S&P 500 Health Care,标普500医疗保健,sphc,1811.4000244140625,yfinance
2026-01-21,^SP500-35,S&P 500 Health Care,标普500医疗保健,sphc,1844.050048828125,yfinance
2026-01-22,^SP500-35,S&P 500 Health Care,标普500医疗保健,sphc,1844.6700439453125,yfinance
2026-01-23,^SP500-35,S&P 500 Health Care,标普500医疗保健,sphc,1834.27001953125,yfinance
2026-01-26,^SP500-35,S&P 500 Health Care,标普500医疗保健,sphc,1841.8299560546875,yfinance
2026-01-27,^SP500-35,S&P 500 Health Care,标普500医疗保健,sphc,1811.280029296875,yfinance
2026-01-28,^SP500-35,S&P 500 Health Care,标普500医疗保健,sphc,1797.280029296875,yfinance
2026-01-29,^SP500-35,S&P 500 Health Care,标普500医疗保健,sphc,1792.3599853515625,yfinance
2026-01-30,^SP500-35,S&P 500 Health Care,标普500医疗保健,sphc,1802.6199951171875,yfinance
2026-02-02,^SP500-35,S&P 500 Health Care,标普500医疗保健,sphc,1813.6099853515625,yfinance
2026-02-03,^SP500-35,S&P 500 Health Care,标普500医疗保健,sphc,1795.3800048828125,yfinance
2026-02-04,^SP500-35,S&P 500 Health Care,标普500医疗保健,sphc,1817.3699951171875,yfinance
2026-02-05,^SP500-35,S&P 500 Health Care,标普500医疗保健,sphc,1804.6600341796875,yfinance
2026-02-06,^SP500-35,S&P 500 Health Care,标普500医疗保健,sphc,1837.0,yfinance
2026-02-09,^SP500-35,S&P 500 Health Care,标普500医疗保健,sphc,1821.1700439453125,yfinance
2026-02-10,^SP500-35,S&P 500 Health Care,标普500医疗保健,sphc,1809.780029296875,yfinance
2026-02-11,^SP500-35,S&P 500 Health Care,标普500医疗保健,sphc,1820.6300048828125,yfinance
2026-02-12,^SP500-35,S&P 500 Health Care,标普500医疗保健,sphc,1817.5899658203125,yfinance
2026-02-13,^SP500-35,S&P 500 Health Care,标普500医疗保健,sphc,1835.9200439453125,yfinance
2026-02-17,^SP500-35,S&P 500 Health Care,标普500医疗保健,sphc,1832.3599853515625,yfinance
2026-02-18,^SP500-35,S&P 500 Health Care,标普500医疗保健,sphc,1836.1600341796875,yfinance
2026-02-19,^SP500-35,S&P 500 Health Care,标普500医疗保健,sphc,1831.0699462890625,yfinance
2026-02-20,^SP500-35,S&P 500 Health Care,标普500医疗保健,sphc,1825.22998046875,yfinance
2026-02-23,^SP500-35,S&P 500 Health Care,标普500医疗保健,sphc,1846.25,yfinance
2026-02-24,^SP500-35,S&P 500 Health Care,标普500医疗保健,sphc,1836.4000244140625,yfinance
2026-02-25,^SP500-35,S&P 500 Health Care,标普500医疗保健,sphc,1836.02001953125,yfinance
2026-02-26,^SP500-35,S&P 500 Health Care,标普500医疗保健,sphc,1831.8399658203125,yfinance
2026-02-27,^SP500-35,S&P 500 Health Care,标普500医疗保健,sphc,1864.300048828125,yfinance
2026-03-02,^SP500-35,S&P 500 Health Care,标普500医疗保健,sphc,1845.5,yfinance
2026-03-03,^SP500-35,S&P 500 Health Care,标普500医疗保健,sphc,1824.489990234375,yfinance
2026-03-04,^SP500-35,S&P 500 Health Care,标普500医疗保健,sphc,1827.97998046875,yfinance
2026-03-05,^SP500-35,S&P 500 Health Care,标普500医疗保健,sphc,1791.800048828125,yfinance
2026-03-06,^SP500-35,S&P 500 Health Care,标普500医疗保健,sphc,1777.8699951171875,yfinance
2026-03-09,^SP500-35,S&P 500 Health Care,标普500医疗保健,sphc,1794.6700439453125,yfinance
2026-03-10,^SP500-35,S&P 500 Health Care,标普500医疗保健,sphc,1781.5899658203125,yfinance
2026-03-11,^SP500-35,S&P 500 Health Care,标普500医疗保健,sphc,1778.0999755859375,yfinance
2026-03-12,^SP500-35,S&P 500 Health Care,标普500医疗保健,sphc,1746.8199462890625,yfinance
2026-03-13,^SP500-35,S&P 500 Health Care,标普500医疗保健,sphc,1741.9200439453125,yfinance
2026-03-16,^SP500-35,S&P 500 Health Care,标普500医疗保健,sphc,1754.9599609375,yfinance
2026-03-17,^SP500-35,S&P 500 Health Care,标普500医疗保健,sphc,1738.72998046875,yfinance
2026-03-18,^SP500-35,S&P 500 Health Care,标普500医疗保健,sphc,1710.7099609375,yfinance
2026-03-19,^SP500-35,S&P 500 Health Care,标普500医疗保健,sphc,1703.989990234375,yfinance
2026-03-20,^SP500-35,S&P 500 Health Care,标普500医疗保健,sphc,1688.8599853515625,yfinance
2026-03-23,^SP500-35,S&P 500 Health Care,标普500医疗保健,sphc,1689.4000244140625,yfinance
2026-03-24,^SP500-35,S&P 500 Health Care,标普500医疗保健,sphc,1690.030029296875,yfinance
2026-03-25,^SP500-35,S&P 500 Health Care,标普500医疗保健,sphc,1706.5799560546875,yfinance
2026-03-26,^SP500-35,S&P 500 Health Care,标普500医疗保健,sphc,1700.8299560546875,yfinance
2026-03-27,^SP500-35,S&P 500 Health Care,标普500医疗保健,sphc,1671.800048828125,yfinance
2026-03-30,^SP500-35,S&P 500 Health Care,标普500医疗保健,sphc,1677.8199462890625,yfinance
2026-03-31,^SP500-35,S&P 500 Health Care,标普500医疗保健,sphc,1710.3900146484375,yfinance
2026-04-01,^SP500-35,S&P 500 Health Care,标普500医疗保健,sphc,1724.030029296875,yfinance
2026-04-02,^SP500-35,S&P 500 Health Care,标普500医疗保健,sphc,1712.3399658203125,yfinance
2026-04-06,^SP500-35,S&P 500 Health Care,标普500医疗保健,sphc,1705.9000244140625,yfinance
2026-04-07,^SP500-35,S&P 500 Health Care,标普500医疗保健,sphc,1709.800048828125,yfinance
2026-04-08,^SP500-35,S&P 500 Health Care,标普500医疗保健,sphc,1745.010009765625,yfinance
2026-04-09,^SP500-35,S&P 500 Health Care,标普500医疗保健,sphc,1741.699951171875,yfinance
2026-04-10,^SP500-35,S&P 500 Health Care,标普500医疗保健,sphc,1718.550048828125,yfinance
2026-04-13,^SP500-35,S&P 500 Health Care,标普500医疗保健,sphc,1726.489990234375,yfinance
2026-04-14,^SP500-35,S&P 500 Health Care,标普500医疗保健,sphc,1735.0699462890625,yfinance
2026-04-15,^SP500-35,S&P 500 Health Care,标普500医疗保健,sphc,1722.530029296875,yfinance
2026-04-16,^SP500-35,S&P 500 Health Care,标普500医疗保健,sphc,1709.219970703125,yfinance
2026-04-17,^SP500-35,S&P 500 Health Care,标普500医疗保健,sphc,1734.0899658203125,yfinance
2026-04-20,^SP500-35,S&P 500 Health Care,标普500医疗保健,sphc,1717.9599609375,yfinance
2026-04-21,^SP500-35,S&P 500 Health Care,标普500医疗保健,sphc,1700.530029296875,yfinance
2026-04-22,^SP500-35,S&P 500 Health Care,标普500医疗保健,sphc,1705.6700439453125,yfinance
2026-04-23,^SP500-35,S&P 500 Health Care,标普500医疗保健,sphc,1703.9100341796875,yfinance
2026-04-24,^SP500-35,S&P 500 Health Care,标普500医疗保健,sphc,1680.489990234375,yfinance
2026-04-27,^SP500-35,S&P 500 Health Care,标普500医疗保健,sphc,1671.4100341796875,yfinance
2026-04-28,^SP500-35,S&P 500 Health Care,标普500医疗保健,sphc,1675.469970703125,yfinance
2026-04-29,^SP500-35,S&P 500 Health Care,标普500医疗保健,sphc,1663.8699951171875,yfinance
2026-04-30,^SP500-35,S&P 500 Health Care,标普500医疗保健,sphc,1700.550048828125,yfinance
2026-05-01,^SP500-35,S&P 500 Health Care,标普500医疗保健,sphc,1691.6500244140625,yfinance
2026-05-04,^SP500-35,S&P 500 Health Care,标普500医疗保健,sphc,1686.760009765625,yfinance
2026-05-05,^SP500-35,S&P 500 Health Care,标普500医疗保健,sphc,1693.22998046875,yfinance
2026-05-06,^SP500-35,S&P 500 Health Care,标普500医疗保健,sphc,1694.6500244140625,yfinance
2026-05-07,^SP500-35,S&P 500 Health Care,标普500医疗保健,sphc,1686.550048828125,yfinance
2026-05-08,^SP500-35,S&P 500 Health Care,标普500医疗保健,sphc,1672.1099853515625,yfinance
2026-05-11,^SP500-35,S&P 500 Health Care,标普500医疗保健,sphc,1665.739990234375,yfinance
2026-05-12,^SP500-35,S&P 500 Health Care,标普500医疗保健,sphc,1697.949951171875,yfinance
2026-05-13,^SP500-35,S&P 500 Health Care,标普500医疗保健,sphc,1708.6500244140625,yfinance
2026-05-14,^SP500-35,S&P 500 Health Care,标普500医疗保健,sphc,1707.3299560546875,yfinance
2026-05-15,^SP500-35,S&P 500 Health Care,标普500医疗保健,sphc,1688.81005859375,yfinance
2026-05-18,^SP500-35,S&P 500 Health Care,标普500医疗保健,sphc,1695.9000244140625,yfinance
2026-05-19,^SP500-35,S&P 500 Health Care,标普500医疗保健,sphc,1714.3299560546875,yfinance
2026-05-20,^SP500-35,S&P 500 Health Care,标普500医疗保健,sphc,1713.1800537109375,yfinance
2026-05-21,^SP500-35,S&P 500 Health Care,标普500医疗保健,sphc,1724.1600341796875,yfinance
2026-05-22,^SP500-35,S&P 500 Health Care,标普500医疗保健,sphc,1744.7099609375,yfinance
2026-05-26,^SP500-35,S&P 500 Health Care,标普500医疗保健,sphc,1726.8900146484375,yfinance
2026-05-27,^SP500-35,S&P 500 Health Care,标普500医疗保健,sphc,1730.699951171875,yfinance
2026-05-28,^SP500-35,S&P 500 Health Care,标普500医疗保健,sphc,1755.1199951171875,yfinance
2026-05-29,^SP500-35,S&P 500 Health Care,标普500医疗保健,sphc,1739.780029296875,yfinance
2026-06-01,^SP500-35,S&P 500 Health Care,标普500医疗保健,sphc,1719.3900146484375,yfinance
