code,ticker_yf,futu_code,name_cn,name_en,ipo_date,offer_price_hkd,total_shares,sub_sector,is_ai_pharma,is_18a,no_offer,founding_year
9606.HK,9606.HK,HK.09606,映恩生物-B,DUALITYBIO-B,2025-04-15,94.6,91224314.0,生物科技Ⅲ,False,True,False,2019
1276.HK,1276.HK,HK.01276,恒瑞医药,HENGRUI PHARMA,2025-05-23,44.05,6637199874.0,制药,False,False,False,1997
2629.HK,2629.HK,HK.02629,MIRXES-B,MIRXES-B,2025-05-23,23.3,298230331.0,生物科技Ⅲ,False,True,False,2020
2565.HK,2565.HK,HK.02565,派格生物医药-B,PEGBIO CO-B,2025-05-27,15.6,391091532.0,制药,False,True,False,2008
2617.HK,2617.HK,HK.02617,药捷安康-B,TRANSTHERA-B,2025-06-23,13.15,407918633.0,制药,False,True,False,2014
2609.HK,2609.HK,HK.02609,佰泽医疗,BAYZED HEALTH,2025-06-23,4.22,1318466822.9999998,医疗保健技术Ⅲ,False,False,False,2021
3880.HK,3880.HK,HK.03880,泰德医药,MEDTIDE,2025-06-30,30.6,141800000.0,医疗保健设备与用品,False,False,False,2020
2592.HK,2592.HK,HK.02592,拨康视云-B,CLOUDBREAK-B,2025-07-03,10.1,924692316.0,生命科学工具和服务Ⅲ,False,True,False,2020
2651.HK,2651.HK,HK.02651,大众口腔,DAZHONG DENTAL,2025-07-09,20.0,50579042.0,医疗保健提供商与服务,False,False,False,2007
9887.HK,9887.HK,HK.09887,维立志博-B,LEADS BIOLABS-B,2025-07-25,35.0,198891800.0,生物科技Ⅲ,False,True,False,2012
6887.HK,6887.HK,HK.06887,东阳光药,SUNSHINE PHARMA,2025-08-07,,576656047.0,制药,False,False,True,2003
2627.HK,2627.HK,HK.02627,中慧生物-B,AB&B BIO-TECH-B,2025-08-11,12.9,393442600.0,生物科技Ⅲ,False,True,False,2015
2591.HK,2591.HK,HK.02591,银诺医药-B,INNOGEN-B,2025-08-15,18.68,456819349.0,医疗保健技术Ⅲ,False,True,False,2014
2656.HK,2656.HK,HK.02656,健康160,160 HEALTH,2025-09-17,11.89,347240580.0,医疗保健技术Ⅲ,False,False,False,2022
2595.HK,2595.HK,HK.02595,劲方医药-B,GENFLEET-B,2025-09-19,20.39,383966630.0,生物科技Ⅲ,False,True,False,2017
2652.HK,2652.HK,HK.02652,长风药业,CF PHARMTECH,2025-10-08,14.75,433726087.0,制药,False,False,False,2013
2575.HK,2575.HK,HK.02575,轩竹生物-B,XUANZHUBIO-B,2025-10-15,11.6,517947790.0,生物科技Ⅲ,False,True,False,2018
2637.HK,2637.HK,HK.02637,海西新药,HAIXI PHARMA,2025-10-20,86.4,78707270.0,制药,False,False,False,2012
2630.HK,2630.HK,HK.02630,旺山旺水-B,VIGONVITA-B,2025-11-06,33.37,167597800.0,生物科技Ⅲ,False,True,False,2013
2659.HK,2659.HK,HK.02659,宝济药业-B,BAO PHARMA-B,2025-12-10,26.38,325981465.0,生物科技Ⅲ,False,True,False,2019
2396.HK,2396.HK,HK.02396,青城新药-B,B&K CORP-B,2025-12-22,38.2,117657522.00000001,生物科技Ⅲ,False,True,False,2012
2581.HK,2581.HK,HK.02581,明基医院,BENQ HOLDING,2025-12-22,9.34,311945001.0,医疗保健提供商与服务,False,False,False,2009
2661.HK,2661.HK,HK.02661,轻松健康,QINGSONG HEALTH,2025-12-23,22.68,214400158.0,医疗保健提供商与服务,False,False,False,2014
3378.HK,3378.HK,HK.03378,翰思艾泰-B,HANXBIO-B,2025-12-23,32.0,136218830.0,生物科技Ⅲ,False,True,False,2014
3696.HK,3696.HK,HK.03696,英矽智能,INSILICO,2025-12-30,24.05,582436846.0,生物科技Ⅲ,True,False,False,2018
2675.HK,2675.HK,HK.02675,精锋医疗-B,EDGE MEDICAL-B,2026-01-08,43.24,391880500.0,医疗保健设备与用品,False,True,False,2017
6938.HK,6938.HK,HK.06938,瑞博生物-B,RIBOLIFE,2026-01-09,57.97,170554910.00000003,生物科技Ⅲ,False,True,False,2007
2677.HK,2677.HK,HK.02677,卓正医疗,DISTINCT HEALTH,2026-02-06,59.9,64580450.0,医疗保健提供商与服务,False,False,False,2014
2526.HK,2526.HK,HK.02526,德适-B,DIAGENS-B,2026-03-30,99.0,88879200.0,生物科技Ⅲ,False,True,False,2016
2493.HK,2493.HK,HK.02493,迈威生物-B,MABWELL-B,2026-04-28,27.64,446730199.99999994,制药,False,True,False,2017
1609.HK,1609.HK,HK.01609,天星医疗,STAR SPORTS MED,2026-05-05,98.5,54831344.0,医疗保健设备与用品,False,False,False,2017
1187.HK,1187.HK,HK.01187,可孚医疗,COFOE MEDICAL,2026-05-06,39.33,235897000.0,医疗保健设备与用品,False,False,False,2009
7630.HK,7630.HK,HK.07630,英派药业-B,IMPACT THERAP-B,2026-05-13,20.1,282461530.0,生物科技Ⅲ,False,True,False,2009
7666.HK,7666.HK,HK.07666,剂泰科技-P,METIS TECHBIO-P,2026-05-13,10.5,1182697850.0,生物科技Ⅲ,True,True,False,2020
6872.HK,6872.HK,HK.06872,丹诺医药-B,TENNOR THERAP-B,2026-05-22,75.7,52328926.0,制药,False,True,False,2013
1779.HK,1779.HK,HK.01779,天辰生物-B,LONGBIO-B,2026-06-05,96.06,76322100.0,生物科技Ⅲ,False,True,False,2020
6132.HK,6132.HK,HK.06132,华健未来-B,HJ SCIENCE-B,2026-06-23,81.8,73599605.0,生物科技Ⅲ,False,True,False,2017
2335.HK,2335.HK,HK.02335,麦科医药-B,MICOT PHARMA-B,2026-06-24,18.2,331740350.00000006,生物科技Ⅲ,False,True,False,2007
9637.HK,9637.HK,HK.09637,礼邦医药-B,ALEBUND-B,2026-06-29,22.6,348365531.0,生物科技Ⅲ,False,True,False,2021
2697.HK,2697.HK,HK.02697,真健康医疗-B,TH MEDICAL-B,2026-06-30,126.2,35647003.0,医疗保健设备与用品,False,True,False,2018
6915.HK,6915.HK,HK.06915,江西生物,JIANGXI BIO,2026-06-30,11.2,308377319.0,生物科技Ⅲ,False,False,False,2002
2667.HK,2667.HK,HK.02667,同仁堂医养,TONGRENTANGCARE,2026-07-07,5.5,465362048.99999994,医疗保健提供商与服务,False,False,False,2015
