ticker,name_cn,date,close,turnover_rate
HSCICD.HK,非必需消费,2025-06-06,2883.59,2.6885
HSCICD.HK,非必需消费,2025-06-13,2833.18,3.5084
HSCICD.HK,非必需消费,2025-06-20,2751.61,3.1125
HSCICD.HK,非必需消费,2025-06-27,2810.79,6.818
HSCICD.HK,非必需消费,2025-07-04,2728.89,4.1657
HSCICD.HK,非必需消费,2025-07-11,2753.44,5.7455
HSCICD.HK,非必需消费,2025-07-18,2922.37,4.631
HSCICD.HK,非必需消费,2025-07-25,2960.24,3.7841
HSCICD.HK,非必需消费,2025-08-01,2855.47,3.4076
HSCICD.HK,非必需消费,2025-08-08,2881.33,2.8043
HSCICD.HK,非必需消费,2025-08-15,2912.33,2.9767
HSCICD.HK,非必需消费,2025-08-22,2960.17,3.5977
HSCICD.HK,非必需消费,2025-08-29,2897.49,4.4071
HSCICD.HK,非必需消费,2025-09-05,3001.66,3.357
HSCICD.HK,非必需消费,2025-09-12,3170.01,3.0444
HSCICD.HK,非必需消费,2025-09-19,3324.0,4.0775
HSCICD.HK,非必需消费,2025-09-26,3320.67,2.9889
HSCICD.HK,非必需消费,2025-09-30,3545.96,1.5804
HSCICD.HK,非必需消费,2025-10-10,3307.88,1.5712
HSCICD.HK,非必需消费,2025-10-17,3118.33,3.0266
HSCICD.HK,非必需消费,2025-10-24,3292.98,2.0579
HSCICD.HK,非必需消费,2025-10-31,3229.92,1.6875
HSCICD.HK,非必需消费,2025-11-07,3165.94,2.1989
HSCICD.HK,非必需消费,2025-11-14,3140.0,2.2496
HSCICD.HK,非必需消费,2025-11-21,2969.6,2.1396
HSCICD.HK,非必需消费,2025-11-28,3086.91,2.2618
HSCICD.HK,非必需消费,2025-12-05,3109.82,2.0567
HSCICD.HK,非必需消费,2025-12-12,3086.33,2.4871
HSCICD.HK,非必需消费,2025-12-19,2994.46,2.0081
HSCICD.HK,非必需消费,2025-12-26,2999.89,0.8206
HSCICD.HK,非必需消费,2025-12-31,3064.3,1.3512
HSCICD.HK,非必需消费,2026-01-09,3034.29,2.2011
HSCICD.HK,非必需消费,2026-01-16,3206.23,3.414
HSCICD.HK,非必需消费,2026-01-23,3260.51,2.2211
HSCICD.HK,非必需消费,2026-01-30,3243.11,2.375
HSCICD.HK,非必需消费,2026-02-06,3095.7,2.9999
HSCICD.HK,非必需消费,2026-02-13,3096.13,2.9239
HSCICD.HK,非必需消费,2026-02-27,2948.49,2.2091
HSCICD.HK,非必需消费,2026-03-06,2777.87,4.0027
HSCICD.HK,非必需消费,2026-03-13,2780.37,3.1749
HSCICD.HK,非必需消费,2026-03-20,2698.35,3.2732
HSCICD.HK,非必需消费,2026-03-27,2663.4,2.9181
HSCICD.HK,非必需消费,2026-04-03,2618.65,2.2747
HSCICD.HK,非必需消费,2026-04-10,2730.97,1.6073
HSCICD.HK,非必需消费,2026-04-17,2850.16,2.3787
HSCICD.HK,非必需消费,2026-04-24,2743.09,1.9297
HSCICD.HK,非必需消费,2026-04-30,2677.37,1.6566
HSCICD.HK,非必需消费,2026-05-08,2842.8,2.0145
HSCICD.HK,非必需消费,2026-05-15,2737.86,3.4809
HSCICD.HK,非必需消费,2026-05-22,2626.56,6.1978
HSCICD.HK,非必需消费,2026-05-29,2539.37,2.8231
HSCICD.HK,非必需消费,2026-06-05,2563.9,2.9859
HSCICD.HK,非必需消费,2026-06-12,2441.23,3.2268
HSCICD.HK,非必需消费,2026-06-18,2321.92,2.0111
HSCICD.HK,非必需消费,2026-06-26,2078.76,2.5373
HSCICD.HK,非必需消费,2026-07-03,2207.68,1.8348
HSCICD.HK,非必需消费,2026-07-10,2373.78,2.7056
HSCICD.HK,非必需消费,2026-07-17,2424.05,2.6696
HSCICD.HK,非必需消费,2026-07-24,2404.99,2.0406
HSCICD.HK,非必需消费,2026-07-31,2545.74,2.3132
HSCICD.HK,非必需消费,2026-08-07,2581.27,1.8988
HSCICD.HK,非必需消费,2026-08-14,2495.29,1.8942
HSCICD.HK,非必需消费,2026-08-21,2535.98,1.9919
HSCICD.HK,非必需消费,2026-08-28,2411.04,2.3185
HSCICS.HK,必需消费,2025-06-06,15398.82,1.4583
HSCICS.HK,必需消费,2025-06-13,15127.61,1.8627
HSCICS.HK,必需消费,2025-06-20,14693.49,1.3801
HSCICS.HK,必需消费,2025-06-27,14962.71,1.3456
HSCICS.HK,必需消费,2025-07-04,15121.49,1.7439
HSCICS.HK,必需消费,2025-07-11,15112.09,3.6394
HSCICS.HK,必需消费,2025-07-18,15570.23,2.547
HSCICS.HK,必需消费,2025-07-25,16055.93,2.2148
HSCICS.HK,必需消费,2025-08-01,15518.6,2.0592
HSCICS.HK,必需消费,2025-08-08,15866.14,1.4235
HSCICS.HK,必需消费,2025-08-15,16033.31,1.8285
HSCICS.HK,必需消费,2025-08-22,16179.89,1.6529
HSCICS.HK,必需消费,2025-08-29,16188.29,2.015
HSCICS.HK,必需消费,2025-09-05,16115.7,1.6402
HSCICS.HK,必需消费,2025-09-12,16479.1,1.6236
HSCICS.HK,必需消费,2025-09-19,16404.97,1.579
HSCICS.HK,必需消费,2025-09-26,15872.05,1.3814
HSCICS.HK,必需消费,2025-09-30,15917.95,0.6738
HSCICS.HK,必需消费,2025-10-10,15915.04,0.7214
HSCICS.HK,必需消费,2025-10-17,15576.22,1.3504
HSCICS.HK,必需消费,2025-10-24,15662.64,0.9489
HSCICS.HK,必需消费,2025-10-31,15384.4,0.8796
HSCICS.HK,必需消费,2025-11-07,15715.9,1.1136
HSCICS.HK,必需消费,2025-11-14,16317.31,1.3941
HSCICS.HK,必需消费,2025-11-21,15581.61,1.0317
HSCICS.HK,必需消费,2025-11-28,15542.55,1.0918
HSCICS.HK,必需消费,2025-12-05,15513.97,0.9254
HSCICS.HK,必需消费,2025-12-12,15410.27,1.1374
HSCICS.HK,必需消费,2025-12-19,15654.61,1.0109
HSCICS.HK,必需消费,2025-12-26,15820.21,0.5515
HSCICS.HK,必需消费,2025-12-31,15496.63,0.6212
HSCICS.HK,必需消费,2026-01-09,15439.14,1.0084
HSCICS.HK,必需消费,2026-01-16,15722.99,1.656
HSCICS.HK,必需消费,2026-01-23,15898.6,1.2914
HSCICS.HK,必需消费,2026-01-30,15879.93,1.2147
HSCICS.HK,必需消费,2026-02-06,16460.52,1.1779
HSCICS.HK,必需消费,2026-02-13,16398.7,0.9749
HSCICS.HK,必需消费,2026-02-27,16237.06,0.9491
HSCICS.HK,必需消费,2026-03-06,15869.54,1.3077
HSCICS.HK,必需消费,2026-03-13,15525.3,1.1542
HSCICS.HK,必需消费,2026-03-20,15400.78,1.4257
HSCICS.HK,必需消费,2026-03-27,15609.36,1.6119
HSCICS.HK,必需消费,2026-04-03,16060.89,1.0272
HSCICS.HK,必需消费,2026-04-10,16052.63,0.7368
HSCICS.HK,必需消费,2026-04-17,15552.9,1.2038
HSCICS.HK,必需消费,2026-04-24,15599.02,1.135
HSCICS.HK,必需消费,2026-04-30,15455.68,0.822
HSCICS.HK,必需消费,2026-05-08,15506.05,0.7508
HSCICS.HK,必需消费,2026-05-15,15028.0,1.1279
HSCICS.HK,必需消费,2026-05-22,14375.15,1.224
HSCICS.HK,必需消费,2026-05-29,14291.22,1.2025
HSCICS.HK,必需消费,2026-06-05,14064.46,1.4904
HSCICS.HK,必需消费,2026-06-12,14161.77,1.4022
HSCICS.HK,必需消费,2026-06-18,13311.74,0.9891
HSCICS.HK,必需消费,2026-06-26,13174.03,1.3165
HSCICS.HK,必需消费,2026-07-03,13421.26,1.113
HSCICS.HK,必需消费,2026-07-10,13096.33,1.2173
HSCICS.HK,必需消费,2026-07-17,13691.9,0.9061
HSCICS.HK,必需消费,2026-07-24,13643.35,0.9504
HSCICS.HK,必需消费,2026-07-31,14262.78,1.3795
HSCICS.HK,必需消费,2026-08-07,13777.35,1.2251
HSCICS.HK,必需消费,2026-08-14,13917.07,0.9917
HSCICS.HK,必需消费,2026-08-21,13980.78,1.2755
HSCICS.HK,必需消费,2026-08-28,13696.66,1.1151
HSCIE.HK,能源,2025-06-06,11046.87,1.7339
HSCIE.HK,能源,2025-06-13,11433.01,3.6048
HSCIE.HK,能源,2025-06-20,10931.37,7.718
HSCIE.HK,能源,2025-06-27,10811.23,4.8566
HSCIE.HK,能源,2025-07-04,10967.01,1.5404
HSCIE.HK,能源,2025-07-11,11127.16,1.88
HSCIE.HK,能源,2025-07-18,11283.47,2.8728
HSCIE.HK,能源,2025-07-25,11894.11,3.0864
HSCIE.HK,能源,2025-08-01,11503.54,2.7582
HSCIE.HK,能源,2025-08-08,11821.77,1.6149
HSCIE.HK,能源,2025-08-15,11906.22,1.5128
HSCIE.HK,能源,2025-08-22,11696.51,1.7831
HSCIE.HK,能源,2025-08-29,11783.55,2.2286
HSCIE.HK,能源,2025-09-05,11970.96,1.8158
HSCIE.HK,能源,2025-09-12,11830.36,1.5698
HSCIE.HK,能源,2025-09-19,11863.84,1.9968
HSCIE.HK,能源,2025-09-26,11648.0,1.4877
HSCIE.HK,能源,2025-09-30,11662.8,0.9953
HSCIE.HK,能源,2025-10-10,11822.05,1.0289
HSCIE.HK,能源,2025-10-17,11852.35,2.0909
HSCIE.HK,能源,2025-10-24,12519.16,2.2025
HSCIE.HK,能源,2025-10-31,12393.06,1.3125
HSCIE.HK,能源,2025-11-07,13155.32,1.8101
HSCIE.HK,能源,2025-11-14,13484.99,1.8963
HSCIE.HK,能源,2025-11-21,13032.0,1.7594
HSCIE.HK,能源,2025-11-28,12940.73,1.3355
HSCIE.HK,能源,2025-12-05,13340.94,1.1842
HSCIE.HK,能源,2025-12-12,12627.78,1.62
HSCIE.HK,能源,2025-12-19,12558.46,1.809
HSCIE.HK,能源,2025-12-26,12589.85,0.5914
HSCIE.HK,能源,2025-12-31,13119.82,1.1042
HSCIE.HK,能源,2026-01-09,12973.89,2.6153
HSCIE.HK,能源,2026-01-16,13221.65,2.0451
HSCIE.HK,能源,2026-01-23,13598.0,2.0258
HSCIE.HK,能源,2026-01-30,14609.58,3.3886
HSCIE.HK,能源,2026-02-06,14552.82,2.2604
HSCIE.HK,能源,2026-02-13,14646.58,1.6747
HSCIE.HK,能源,2026-02-27,15287.56,1.7741
HSCIE.HK,能源,2026-03-06,15859.96,7.4925
HSCIE.HK,能源,2026-03-13,16850.91,5.2122
HSCIE.HK,能源,2026-03-20,17004.4,3.1817
HSCIE.HK,能源,2026-03-27,16571.2,3.2831
HSCIE.HK,能源,2026-04-03,15829.47,2.4727
HSCIE.HK,能源,2026-04-10,15607.24,1.4646
HSCIE.HK,能源,2026-04-17,15668.45,1.7466
HSCIE.HK,能源,2026-04-24,16256.17,1.8414
HSCIE.HK,能源,2026-04-30,16936.65,1.8535
HSCIE.HK,能源,2026-05-08,15448.55,1.7228
HSCIE.HK,能源,2026-05-15,15404.8,1.5195
HSCIE.HK,能源,2026-05-22,15469.11,1.585
HSCIE.HK,能源,2026-05-29,15342.97,1.705
HSCIE.HK,能源,2026-06-05,15348.36,1.868
HSCIE.HK,能源,2026-06-12,14728.7,1.831
HSCIE.HK,能源,2026-06-18,13388.69,1.7895
HSCIE.HK,能源,2026-06-26,12658.53,1.7721
HSCIE.HK,能源,2026-07-03,12716.38,1.3098
HSCIE.HK,能源,2026-07-10,12944.79,1.693
HSCIE.HK,能源,2026-07-17,13484.24,1.8322
HSCIE.HK,能源,2026-07-24,14063.99,1.665
HSCIE.HK,能源,2026-07-31,14073.12,1.3782
HSCIE.HK,能源,2026-08-07,13800.78,1.3208
HSCIE.HK,能源,2026-08-14,13928.07,1.1007
HSCIE.HK,能源,2026-08-21,14670.71,1.1165
HSCIE.HK,能源,2026-08-28,14989.9,1.5316
HSCIF.HK,金融,2025-06-06,4272.39,1.6627
HSCIF.HK,金融,2025-06-13,4369.04,1.9814
HSCIF.HK,金融,2025-06-20,4357.49,1.8566
HSCIF.HK,金融,2025-06-27,4543.75,4.4907
HSCIF.HK,金融,2025-07-04,4497.76,2.4901
HSCIF.HK,金融,2025-07-11,4612.05,3.2759
HSCIF.HK,金融,2025-07-18,4639.38,2.114
HSCIF.HK,金融,2025-07-25,4715.74,2.2557
HSCIF.HK,金融,2025-08-01,4539.59,2.1124
HSCIF.HK,金融,2025-08-08,4651.29,1.41
HSCIF.HK,金融,2025-08-15,4726.72,1.7245
HSCIF.HK,金融,2025-08-22,4732.12,1.6383
HSCIF.HK,金融,2025-08-29,4636.8,2.1029
HSCIF.HK,金融,2025-09-05,4633.37,1.7253
HSCIF.HK,金融,2025-09-12,4801.35,1.4511
HSCIF.HK,金融,2025-09-19,4657.45,1.7097
HSCIF.HK,金融,2025-09-26,4575.44,2.0201
HSCIF.HK,金融,2025-09-30,4679.0,0.9536
HSCIF.HK,金融,2025-10-10,4614.89,0.9186
HSCIF.HK,金融,2025-10-17,4574.32,1.8064
HSCIF.HK,金融,2025-10-24,4722.83,1.4963
HSCIF.HK,金融,2025-10-31,4768.52,1.1992
HSCIF.HK,金融,2025-11-07,4933.71,1.2614
HSCIF.HK,金融,2025-11-14,5038.31,1.1588
HSCIF.HK,金融,2025-11-21,4787.71,1.169
HSCIF.HK,金融,2025-11-28,4888.71,1.1267
HSCIF.HK,金融,2025-12-05,4894.66,1.0143
HSCIF.HK,金融,2025-12-12,4937.51,1.6032
HSCIF.HK,金融,2025-12-19,4993.75,1.3699
HSCIF.HK,金融,2025-12-26,5070.09,0.4744
HSCIF.HK,金融,2025-12-31,5135.66,0.8338
HSCIF.HK,金融,2026-01-09,5148.86,1.435
HSCIF.HK,金融,2026-01-16,5216.33,1.2918
HSCIF.HK,金融,2026-01-23,5155.92,0.9944
HSCIF.HK,金融,2026-01-30,5429.39,1.4304
HSCIF.HK,金融,2026-02-06,5315.4,1.0774
HSCIF.HK,金融,2026-02-13,5297.01,0.8963
HSCIF.HK,金融,2026-02-27,5465.56,1.0453
HSCIF.HK,金融,2026-03-06,5227.14,1.3198
HSCIF.HK,金融,2026-03-13,4999.29,1.2241
HSCIF.HK,金融,2026-03-20,5088.5,1.1958
HSCIF.HK,金融,2026-03-27,5052.77,1.4217
HSCIF.HK,金融,2026-04-03,5195.64,1.1092
HSCIF.HK,金融,2026-04-10,5398.28,0.9782
HSCIF.HK,金融,2026-04-17,5387.56,1.0502
HSCIF.HK,金融,2026-04-24,5406.09,0.9244
HSCIF.HK,金融,2026-04-30,5414.72,1.0328
HSCIF.HK,金融,2026-05-08,5460.12,0.831
HSCIF.HK,金融,2026-05-15,5443.41,1.0028
HSCIF.HK,金融,2026-05-22,5444.94,1.0719
HSCIF.HK,金融,2026-05-29,5368.33,1.2987
HSCIF.HK,金融,2026-06-05,5263.85,0.9861
HSCIF.HK,金融,2026-06-12,5362.03,1.243
HSCIF.HK,金融,2026-06-18,5299.02,0.9898
HSCIF.HK,金融,2026-06-26,5130.8,1.4634
HSCIF.HK,金融,2026-07-03,5175.59,1.0932
HSCIF.HK,金融,2026-07-10,5262.6,0.9662
HSCIF.HK,金融,2026-07-17,5367.64,0.9293
HSCIF.HK,金融,2026-07-24,5579.52,0.925
HSCIF.HK,金融,2026-07-31,5780.91,1.129
HSCIF.HK,金融,2026-08-07,5552.06,0.9204
HSCIF.HK,金融,2026-08-14,5478.28,0.8282
HSCIF.HK,金融,2026-08-21,5664.84,0.8836
HSCIF.HK,金融,2026-08-28,5665.72,0.8492
HSCIIG.HK,工业,2025-06-06,1015.2,1.9654
HSCIIG.HK,工业,2025-06-13,1045.35,2.6386
HSCIIG.HK,工业,2025-06-20,1032.2,2.5068
HSCIIG.HK,工业,2025-06-27,1057.0,4.0702
HSCIIG.HK,工业,2025-07-04,1084.49,5.3183
HSCIIG.HK,工业,2025-07-11,1120.25,6.9521
HSCIIG.HK,工业,2025-07-18,1149.96,20.7027
HSCIIG.HK,工业,2025-07-25,1204.71,14.5669
HSCIIG.HK,工业,2025-08-01,1171.35,8.2966
HSCIIG.HK,工业,2025-08-08,1208.64,5.3214
HSCIIG.HK,工业,2025-08-15,1230.6,4.9223
HSCIIG.HK,工业,2025-08-22,1236.91,5.403
HSCIIG.HK,工业,2025-08-29,1218.76,6.5804
HSCIIG.HK,工业,2025-09-05,1218.55,11.6599
HSCIIG.HK,工业,2025-09-12,1237.62,7.3539
HSCIIG.HK,工业,2025-09-19,1251.03,6.5612
HSCIIG.HK,工业,2025-09-26,1234.52,6.2364
HSCIIG.HK,工业,2025-09-30,1283.6,2.9554
HSCIIG.HK,工业,2025-10-10,1260.76,3.4623
HSCIIG.HK,工业,2025-10-17,1225.92,7.532
HSCIIG.HK,工业,2025-10-24,1262.49,3.7751
HSCIIG.HK,工业,2025-10-31,1256.7,3.8505
HSCIIG.HK,工业,2025-11-07,1282.67,8.8404
HSCIIG.HK,工业,2025-11-14,1274.35,7.5152
HSCIIG.HK,工业,2025-11-21,1188.06,5.642
HSCIIG.HK,工业,2025-11-28,1210.96,3.538
HSCIIG.HK,工业,2025-12-05,1252.16,3.7352
HSCIIG.HK,工业,2025-12-12,1241.02,6.0546
HSCIIG.HK,工业,2025-12-19,1214.96,4.2143
HSCIIG.HK,工业,2025-12-26,1224.51,1.3698
HSCIIG.HK,工业,2025-12-31,1235.44,2.1243
HSCIIG.HK,工业,2026-01-09,1255.73,4.08
HSCIIG.HK,工业,2026-01-16,1268.9,13.0146
HSCIIG.HK,工业,2026-01-23,1290.89,7.488
HSCIIG.HK,工业,2026-01-30,1295.8,5.3102
HSCIIG.HK,工业,2026-02-06,1317.93,4.916
HSCIIG.HK,工业,2026-02-13,1369.84,4.2722
HSCIIG.HK,工业,2026-02-27,1410.33,4.0096
HSCIIG.HK,工业,2026-03-06,1368.36,14.5923
HSCIIG.HK,工业,2026-03-13,1366.94,4.4516
HSCIIG.HK,工业,2026-03-20,1363.26,3.7459
HSCIIG.HK,工业,2026-03-27,1332.38,3.3095
HSCIIG.HK,工业,2026-04-03,1349.09,2.4234
HSCIIG.HK,工业,2026-04-10,1428.5,1.6824
HSCIIG.HK,工业,2026-04-17,1422.15,2.7837
HSCIIG.HK,工业,2026-04-24,1433.52,2.2924
HSCIIG.HK,工业,2026-04-30,1403.83,2.1797
HSCIIG.HK,工业,2026-05-08,1462.82,2.4187
HSCIIG.HK,工业,2026-05-15,1444.68,3.0685
HSCIIG.HK,工业,2026-05-22,1444.45,2.9311
HSCIIG.HK,工业,2026-05-29,1444.45,2.5956
HSCIIG.HK,工业,2026-06-05,1416.91,3.0851
HSCIIG.HK,工业,2026-06-12,1405.97,3.2269
HSCIIG.HK,工业,2026-06-18,1483.23,2.4584
HSCIIG.HK,工业,2026-06-26,1407.59,3.4991
HSCIIG.HK,工业,2026-07-03,1395.88,2.165
HSCIIG.HK,工业,2026-07-10,1304.42,2.6368
HSCIIG.HK,工业,2026-07-17,1254.66,2.7533
HSCIIG.HK,工业,2026-07-24,1288.24,2.5059
HSCIIG.HK,工业,2026-07-31,1282.57,2.4724
HSCIIG.HK,工业,2026-08-07,1321.92,3.1933
HSCIIG.HK,工业,2026-08-14,1301.15,2.5336
HSCIIG.HK,工业,2026-08-21,1338.3,2.2878
HSCIIG.HK,工业,2026-08-28,1331.6,2.6158
HSCIM.HK,原材料,2025-06-06,8433.63,2.6341
HSCIM.HK,原材料,2025-06-13,9021.12,3.2681
HSCIM.HK,原材料,2025-06-20,8736.8,2.6838
HSCIM.HK,原材料,2025-06-27,9405.91,2.5748
HSCIM.HK,原材料,2025-07-04,9647.78,3.2597
HSCIM.HK,原材料,2025-07-11,9244.72,3.0167
HSCIM.HK,原材料,2025-07-18,9586.67,2.8415
HSCIM.HK,原材料,2025-07-25,10324.06,4.0735
HSCIM.HK,原材料,2025-08-01,9717.65,2.8733
HSCIM.HK,原材料,2025-08-08,10784.72,2.352
HSCIM.HK,原材料,2025-08-15,11377.98,2.6936
HSCIM.HK,原材料,2025-08-22,11133.04,3.6008
HSCIM.HK,原材料,2025-08-29,12154.07,4.3133
HSCIM.HK,原材料,2025-09-05,12957.97,3.5815
HSCIM.HK,原材料,2025-09-12,13770.43,3.1284
HSCIM.HK,原材料,2025-09-19,13445.14,3.7385
HSCIM.HK,原材料,2025-09-26,13784.94,3.5705
HSCIM.HK,原材料,2025-09-30,15172.4,2.5592
HSCIM.HK,原材料,2025-10-10,15336.05,3.5479
HSCIM.HK,原材料,2025-10-17,14531.87,5.1035
HSCIM.HK,原材料,2025-10-24,14763.93,3.0387
HSCIM.HK,原材料,2025-10-31,15002.89,3.0946
HSCIM.HK,原材料,2025-11-07,15368.36,3.274
HSCIM.HK,原材料,2025-11-14,15825.39,2.6998
HSCIM.HK,原材料,2025-11-21,14455.95,3.2311
HSCIM.HK,原材料,2025-11-28,15074.4,2.4217
HSCIM.HK,原材料,2025-12-05,16578.44,2.6488
HSCIM.HK,原材料,2025-12-12,16229.83,2.3963
HSCIM.HK,原材料,2025-12-19,16083.91,2.2914
HSCIM.HK,原材料,2025-12-26,16776.03,1.2047
HSCIM.HK,原材料,2025-12-31,17391.93,1.7831
HSCIM.HK,原材料,2026-01-09,18217.2,3.1519
HSCIM.HK,原材料,2026-01-16,18992.52,3.499
HSCIM.HK,原材料,2026-01-23,19771.11,3.3127
HSCIM.HK,原材料,2026-01-30,20001.55,5.1326
HSCIM.HK,原材料,2026-02-06,18758.18,4.112
HSCIM.HK,原材料,2026-02-13,19256.63,2.8752
HSCIM.HK,原材料,2026-02-27,20782.17,2.4979
HSCIM.HK,原材料,2026-03-06,19163.25,3.4793
HSCIM.HK,原材料,2026-03-13,18644.16,3.7932
HSCIM.HK,原材料,2026-03-20,16545.46,3.821
HSCIM.HK,原材料,2026-03-27,16693.8,3.7722
HSCIM.HK,原材料,2026-04-03,17319.74,2.5609
HSCIM.HK,原材料,2026-04-10,18151.46,1.5531
HSCIM.HK,原材料,2026-04-17,18124.46,2.0809
HSCIM.HK,原材料,2026-04-24,17579.95,2.1499
HSCIM.HK,原材料,2026-04-30,16719.89,1.8585
HSCIM.HK,原材料,2026-05-08,17975.69,2.0276
HSCIM.HK,原材料,2026-05-15,16333.48,2.6391
HSCIM.HK,原材料,2026-05-22,15788.3,2.3335
HSCIM.HK,原材料,2026-05-29,15338.37,2.85
HSCIM.HK,原材料,2026-06-05,14992.23,2.7078
HSCIM.HK,原材料,2026-06-12,14795.7,2.952
HSCIM.HK,原材料,2026-06-18,14506.89,3.2901
HSCIM.HK,原材料,2026-06-26,12347.63,3.5102
HSCIM.HK,原材料,2026-07-03,13372.74,2.2692
HSCIM.HK,原材料,2026-07-10,12751.65,2.1833
HSCIM.HK,原材料,2026-07-17,12612.04,2.5684
HSCIM.HK,原材料,2026-07-24,14021.21,2.8812
HSCIM.HK,原材料,2026-07-31,14312.4,1.9032
HSCIM.HK,原材料,2026-08-07,15777.91,2.4082
HSCIM.HK,原材料,2026-08-14,14864.77,2.4416
HSCIM.HK,原材料,2026-08-21,16309.03,2.3999
HSCIM.HK,原材料,2026-08-28,16487.67,2.7326
HSCIPC.HK,地产建筑,2025-06-06,1544.4,1.0873
HSCIPC.HK,地产建筑,2025-06-13,1585.08,1.5632
HSCIPC.HK,地产建筑,2025-06-20,1559.1,2.6934
HSCIPC.HK,地产建筑,2025-06-27,1620.1,3.6779
HSCIPC.HK,地产建筑,2025-07-04,1647.64,2.5233
HSCIPC.HK,地产建筑,2025-07-11,1657.81,5.1999
HSCIPC.HK,地产建筑,2025-07-18,1651.16,2.7337
HSCIPC.HK,地产建筑,2025-07-25,1719.78,3.6691
HSCIPC.HK,地产建筑,2025-08-01,1670.26,2.3345
HSCIPC.HK,地产建筑,2025-08-08,1713.62,1.4236
HSCIPC.HK,地产建筑,2025-08-15,1741.63,2.4024
HSCIPC.HK,地产建筑,2025-08-22,1730.82,2.023
HSCIPC.HK,地产建筑,2025-08-29,1694.9,3.0305
HSCIPC.HK,地产建筑,2025-09-05,1697.06,1.9245
HSCIPC.HK,地产建筑,2025-09-12,1794.1,5.0142
HSCIPC.HK,地产建筑,2025-09-19,1743.63,3.7413
HSCIPC.HK,地产建筑,2025-09-26,1685.96,2.148
HSCIPC.HK,地产建筑,2025-09-30,1705.85,1.0865
HSCIPC.HK,地产建筑,2025-10-10,1727.19,1.3214
HSCIPC.HK,地产建筑,2025-10-17,1678.75,2.1332
HSCIPC.HK,地产建筑,2025-10-24,1698.93,1.5176
HSCIPC.HK,地产建筑,2025-10-31,1658.01,1.2834
HSCIPC.HK,地产建筑,2025-11-07,1689.0,1.5028
HSCIPC.HK,地产建筑,2025-11-14,1773.36,1.5616
HSCIPC.HK,地产建筑,2025-11-21,1685.84,2.0228
HSCIPC.HK,地产建筑,2025-11-28,1701.89,1.6198
HSCIPC.HK,地产建筑,2025-12-05,1698.35,1.0592
HSCIPC.HK,地产建筑,2025-12-12,1676.29,2.073
HSCIPC.HK,地产建筑,2025-12-19,1637.02,1.2989
HSCIPC.HK,地产建筑,2025-12-26,1641.99,0.5704
HSCIPC.HK,地产建筑,2025-12-31,1642.8,0.7432
HSCIPC.HK,地产建筑,2026-01-09,1692.78,2.2104
HSCIPC.HK,地产建筑,2026-01-16,1735.74,2.5048
HSCIPC.HK,地产建筑,2026-01-23,1758.95,3.0281
HSCIPC.HK,地产建筑,2026-01-30,1859.3,5.4829
HSCIPC.HK,地产建筑,2026-02-06,1856.76,3.3399
HSCIPC.HK,地产建筑,2026-02-13,1888.68,2.1699
HSCIPC.HK,地产建筑,2026-02-27,1944.65,2.7234
HSCIPC.HK,地产建筑,2026-03-06,1863.97,2.8985
HSCIPC.HK,地产建筑,2026-03-13,1790.29,1.8664
HSCIPC.HK,地产建筑,2026-03-20,1753.48,2.1705
HSCIPC.HK,地产建筑,2026-03-27,1700.9,2.0887
HSCIPC.HK,地产建筑,2026-04-03,1699.27,1.238
HSCIPC.HK,地产建筑,2026-04-10,1771.73,0.9161
HSCIPC.HK,地产建筑,2026-04-17,1780.29,1.9897
HSCIPC.HK,地产建筑,2026-04-24,1794.71,1.1683
HSCIPC.HK,地产建筑,2026-04-30,1814.01,1.3408
HSCIPC.HK,地产建筑,2026-05-08,1950.9,1.7989
HSCIPC.HK,地产建筑,2026-05-15,1939.8,2.9315
HSCIPC.HK,地产建筑,2026-05-22,1839.96,3.0048
HSCIPC.HK,地产建筑,2026-05-29,1792.48,4.0093
HSCIPC.HK,地产建筑,2026-06-05,1733.35,2.632
HSCIPC.HK,地产建筑,2026-06-12,1722.45,2.251
HSCIPC.HK,地产建筑,2026-06-18,1611.19,2.1201
HSCIPC.HK,地产建筑,2026-06-26,1546.6,2.6296
HSCIPC.HK,地产建筑,2026-07-03,1589.04,2.0294
HSCIPC.HK,地产建筑,2026-07-10,1592.15,2.024
HSCIPC.HK,地产建筑,2026-07-17,1660.32,1.9462
HSCIPC.HK,地产建筑,2026-07-24,1643.41,1.5635
HSCIPC.HK,地产建筑,2026-07-31,1684.94,1.6924
HSCIPC.HK,地产建筑,2026-08-07,1664.26,1.7748
HSCIPC.HK,地产建筑,2026-08-14,1664.63,3.3386
HSCIPC.HK,地产建筑,2026-08-21,1742.39,1.8196
HSCIPC.HK,地产建筑,2026-08-28,1705.88,2.6693
HSCIT.HK,电讯,2025-06-06,1814.18,0.8901
HSCIT.HK,电讯,2025-06-13,1814.76,0.672
HSCIT.HK,电讯,2025-06-20,1783.9,0.7921
HSCIT.HK,电讯,2025-06-27,1788.49,0.7515
HSCIT.HK,电讯,2025-07-04,1787.43,0.5502
HSCIT.HK,电讯,2025-07-11,1799.87,0.8344
HSCIT.HK,电讯,2025-07-18,1830.1,1.0233
HSCIT.HK,电讯,2025-07-25,1810.91,0.8046
HSCIT.HK,电讯,2025-08-01,1811.38,1.1894
HSCIT.HK,电讯,2025-08-08,1836.84,0.9846
HSCIT.HK,电讯,2025-08-15,1860.58,0.9739
HSCIT.HK,电讯,2025-08-22,1879.14,0.8625
HSCIT.HK,电讯,2025-08-29,1853.01,1.2572
HSCIT.HK,电讯,2025-09-05,1784.26,1.5363
HSCIT.HK,电讯,2025-09-12,1826.8,1.2977
HSCIT.HK,电讯,2025-09-19,1793.47,1.8094
HSCIT.HK,电讯,2025-09-26,1761.31,1.9476
HSCIT.HK,电讯,2025-09-30,1759.6,0.8084
HSCIT.HK,电讯,2025-10-10,1770.84,0.8058
HSCIT.HK,电讯,2025-10-17,1776.63,1.5613
HSCIT.HK,电讯,2025-10-24,1783.19,0.9821
HSCIT.HK,电讯,2025-10-31,1773.22,0.8141
HSCIT.HK,电讯,2025-11-07,1825.17,1.0509
HSCIT.HK,电讯,2025-11-14,1832.96,1.037
HSCIT.HK,电讯,2025-11-21,1803.99,0.7116
HSCIT.HK,电讯,2025-11-28,1830.56,0.8859
HSCIT.HK,电讯,2025-12-05,1827.37,0.6887
HSCIT.HK,电讯,2025-12-12,1803.03,0.8247
HSCIT.HK,电讯,2025-12-19,1756.03,1.028
HSCIT.HK,电讯,2025-12-26,1736.81,0.5497
HSCIT.HK,电讯,2025-12-31,1735.64,0.8645
HSCIT.HK,电讯,2026-01-09,1695.24,1.112
HSCIT.HK,电讯,2026-01-16,1672.51,1.1549
HSCIT.HK,电讯,2026-01-23,1664.37,1.0538
HSCIT.HK,电讯,2026-01-30,1679.41,1.5024
HSCIT.HK,电讯,2026-02-06,1665.57,1.8649
HSCIT.HK,电讯,2026-02-13,1633.22,1.0393
HSCIT.HK,电讯,2026-02-27,1660.1,0.7388
HSCIT.HK,电讯,2026-03-06,1661.48,0.9946
HSCIT.HK,电讯,2026-03-13,1683.24,0.8415
HSCIT.HK,电讯,2026-03-20,1656.83,1.0357
HSCIT.HK,电讯,2026-03-27,1636.48,1.1549
HSCIT.HK,电讯,2026-04-03,1667.95,0.5632
HSCIT.HK,电讯,2026-04-10,1691.56,0.4241
HSCIT.HK,电讯,2026-04-17,1701.92,0.674
HSCIT.HK,电讯,2026-04-24,1726.17,2.083
HSCIT.HK,电讯,2026-04-30,1743.79,1.7687
HSCIT.HK,电讯,2026-05-08,1773.83,1.0249
HSCIT.HK,电讯,2026-05-15,1781.32,1.7058
HSCIT.HK,电讯,2026-05-22,1750.04,8.638
HSCIT.HK,电讯,2026-05-29,1722.51,6.3759
HSCIT.HK,电讯,2026-06-05,1674.62,2.8304
HSCIT.HK,电讯,2026-06-12,1658.43,3.9843
HSCIT.HK,电讯,2026-06-18,1611.23,2.7298
HSCIT.HK,电讯,2026-06-26,1552.38,3.5494
HSCIT.HK,电讯,2026-07-03,1544.06,4.7462
HSCIT.HK,电讯,2026-07-10,1582.91,2.507
HSCIT.HK,电讯,2026-07-17,1607.44,9.0557
HSCIT.HK,电讯,2026-07-24,1643.7,3.6231
HSCIT.HK,电讯,2026-07-31,1684.8,6.0879
HSCIT.HK,电讯,2026-08-07,1639.93,8.3458
HSCIT.HK,电讯,2026-08-14,1636.56,8.159
HSCIT.HK,电讯,2026-08-21,1646.02,5.8284
HSCIT.HK,电讯,2026-08-28,1591.61,2.0264
HSCIU.HK,公用事业,2025-06-06,5543.95,1.2966
HSCIU.HK,公用事业,2025-06-13,5560.63,1.3871
HSCIU.HK,公用事业,2025-06-20,5471.13,1.5276
HSCIU.HK,公用事业,2025-06-27,5450.09,1.4667
HSCIU.HK,公用事业,2025-07-04,5522.79,1.7527
HSCIU.HK,公用事业,2025-07-11,5494.67,1.7321
HSCIU.HK,公用事业,2025-07-18,5534.51,1.5301
HSCIU.HK,公用事业,2025-07-25,5657.34,2.3938
HSCIU.HK,公用事业,2025-08-01,5598.38,1.6736
HSCIU.HK,公用事业,2025-08-08,5705.13,1.0855
HSCIU.HK,公用事业,2025-08-15,5671.41,1.3129
HSCIU.HK,公用事业,2025-08-22,5578.93,1.5985
HSCIU.HK,公用事业,2025-08-29,5552.71,1.9387
HSCIU.HK,公用事业,2025-09-05,5617.15,1.8308
HSCIU.HK,公用事业,2025-09-12,5719.08,1.6873
HSCIU.HK,公用事业,2025-09-19,5586.92,1.9675
HSCIU.HK,公用事业,2025-09-26,5486.33,1.5219
HSCIU.HK,公用事业,2025-09-30,5528.41,0.9486
HSCIU.HK,公用事业,2025-10-10,5615.39,0.9911
HSCIU.HK,公用事业,2025-10-17,5692.61,2.0839
HSCIU.HK,公用事业,2025-10-24,5695.17,1.662
HSCIU.HK,公用事业,2025-10-31,5699.73,1.3047
HSCIU.HK,公用事业,2025-11-07,5881.72,1.2943
HSCIU.HK,公用事业,2025-11-14,5874.78,1.1668
HSCIU.HK,公用事业,2025-11-21,5746.84,1.0846
HSCIU.HK,公用事业,2025-11-28,5818.97,1.1641
HSCIU.HK,公用事业,2025-12-05,5840.35,0.8663
HSCIU.HK,公用事业,2025-12-12,5790.29,1.1679
HSCIU.HK,公用事业,2025-12-19,5752.18,1.1877
HSCIU.HK,公用事业,2025-12-26,5821.19,0.4611
HSCIU.HK,公用事业,2025-12-31,5755.08,0.8753
HSCIU.HK,公用事业,2026-01-09,5827.67,1.2502
HSCIU.HK,公用事业,2026-01-16,5865.0,1.3253
HSCIU.HK,公用事业,2026-01-23,5979.31,1.2287
HSCIU.HK,公用事业,2026-01-30,6035.32,1.2159
HSCIU.HK,公用事业,2026-02-06,6093.42,1.5892
HSCIU.HK,公用事业,2026-02-13,6126.48,0.8848
HSCIU.HK,公用事业,2026-02-27,6190.38,1.1722
HSCIU.HK,公用事业,2026-03-06,6221.63,2.2248
HSCIU.HK,公用事业,2026-03-13,6203.1,1.9507
HSCIU.HK,公用事业,2026-03-20,6110.91,1.5415
HSCIU.HK,公用事业,2026-03-27,6008.9,2.214
HSCIU.HK,公用事业,2026-04-03,5998.4,1.2235
HSCIU.HK,公用事业,2026-04-10,6074.34,0.8561
HSCIU.HK,公用事业,2026-04-17,5960.59,1.3304
HSCIU.HK,公用事业,2026-04-24,6096.69,1.17
HSCIU.HK,公用事业,2026-04-30,6067.7,1.0344
HSCIU.HK,公用事业,2026-05-08,6128.92,1.5484
HSCIU.HK,公用事业,2026-05-15,6175.88,2.6936
HSCIU.HK,公用事业,2026-05-22,6067.94,1.6089
HSCIU.HK,公用事业,2026-05-29,5989.57,1.7812
HSCIU.HK,公用事业,2026-06-05,5756.13,2.0871
HSCIU.HK,公用事业,2026-06-12,5677.33,1.3647
HSCIU.HK,公用事业,2026-06-18,5478.69,1.4076
HSCIU.HK,公用事业,2026-06-26,5335.63,1.594
HSCIU.HK,公用事业,2026-07-03,5353.53,1.2384
HSCIU.HK,公用事业,2026-07-10,5411.05,1.1608
HSCIU.HK,公用事业,2026-07-17,5535.59,1.1216
HSCIU.HK,公用事业,2026-07-24,5645.91,1.1635
HSCIU.HK,公用事业,2026-07-31,5717.67,0.9555
HSCIU.HK,公用事业,2026-08-07,5554.99,1.0321
HSCIU.HK,公用事业,2026-08-14,5593.34,0.9205
HSCIU.HK,公用事业,2026-08-21,5767.92,1.1681
HSCIU.HK,公用事业,2026-08-28,5748.45,1.5295
HSHCI.HK,医疗保健,2025-06-06,3313.32,5.0235
HSHCI.HK,医疗保健,2025-06-13,3606.34,8.237
HSHCI.HK,医疗保健,2025-06-20,3327.97,6.1583
HSHCI.HK,医疗保健,2025-06-27,3422.83,4.7815
HSHCI.HK,医疗保健,2025-07-04,3594.06,4.2916
HSHCI.HK,医疗保健,2025-07-11,3592.34,4.5173
HSHCI.HK,医疗保健,2025-07-18,4023.42,6.4663
HSHCI.HK,医疗保健,2025-07-25,4057.2,5.5815
HSHCI.HK,医疗保健,2025-08-01,4132.88,7.4123
HSHCI.HK,医疗保健,2025-08-08,4142.35,5.6585
HSHCI.HK,医疗保健,2025-08-15,4437.44,5.7776
HSHCI.HK,医疗保健,2025-08-22,4478.65,6.3929
HSHCI.HK,医疗保健,2025-08-29,4325.82,6.2942
HSHCI.HK,医疗保健,2025-09-05,4628.01,6.2463
HSHCI.HK,医疗保健,2025-09-12,4561.82,5.5759
HSHCI.HK,医疗保健,2025-09-19,4472.64,6.0326
HSHCI.HK,医疗保健,2025-09-26,4347.63,4.5026
HSHCI.HK,医疗保健,2025-09-30,4637.4,2.1744
HSHCI.HK,医疗保健,2025-10-10,4339.05,2.6079
HSHCI.HK,医疗保健,2025-10-17,4087.64,4.5024
HSHCI.HK,医疗保健,2025-10-24,4052.95,3.1973
HSHCI.HK,医疗保健,2025-10-31,4048.32,2.7202
HSHCI.HK,医疗保健,2025-11-07,3942.42,2.8627
HSHCI.HK,医疗保健,2025-11-14,4210.62,2.8684
HSHCI.HK,医疗保健,2025-11-21,3894.96,2.3545
HSHCI.HK,医疗保健,2025-11-28,4044.78,2.5269
HSHCI.HK,医疗保健,2025-12-05,4016.25,2.0238
HSHCI.HK,医疗保健,2025-12-12,3925.5,3.0102
HSHCI.HK,医疗保健,2025-12-19,3855.9,2.4108
HSHCI.HK,医疗保健,2025-12-26,3786.06,1.1227
HSHCI.HK,医疗保健,2025-12-31,3732.41,1.3516
HSHCI.HK,医疗保健,2026-01-09,4115.18,3.2833
HSHCI.HK,医疗保健,2026-01-16,4213.16,5.5606
HSHCI.HK,医疗保健,2026-01-23,4097.1,2.7497
HSHCI.HK,医疗保健,2026-01-30,3974.92,3.568
HSHCI.HK,医疗保健,2026-02-06,3918.69,2.8476
HSHCI.HK,医疗保健,2026-02-13,4044.57,2.3081
HSHCI.HK,医疗保健,2026-02-27,3889.51,2.2531
HSHCI.HK,医疗保健,2026-03-06,3719.99,3.2853
HSHCI.HK,医疗保健,2026-03-13,3610.89,2.4467
HSHCI.HK,医疗保健,2026-03-20,3600.18,2.0636
HSHCI.HK,医疗保健,2026-03-27,3704.29,3.0079
HSHCI.HK,医疗保健,2026-04-03,3954.15,3.2048
HSHCI.HK,医疗保健,2026-04-10,3915.05,1.8095
HSHCI.HK,医疗保健,2026-04-17,3993.81,2.7031
HSHCI.HK,医疗保健,2026-04-24,3789.1,2.5312
HSHCI.HK,医疗保健,2026-04-30,3730.51,1.8761
HSHCI.HK,医疗保健,2026-05-08,3727.91,1.8782
HSHCI.HK,医疗保健,2026-05-15,3525.03,2.9656
HSHCI.HK,医疗保健,2026-05-22,3448.61,3.2877
HSHCI.HK,医疗保健,2026-05-29,3383.26,3.1837
HSHCI.HK,医疗保健,2026-06-05,3155.13,3.2074
HSHCI.HK,医疗保健,2026-06-12,3128.58,3.0317
HSHCI.HK,医疗保健,2026-06-18,3061.96,2.1123
HSHCI.HK,医疗保健,2026-06-26,3023.13,3.0521
HSHCI.HK,医疗保健,2026-07-03,3453.27,3.5529
HSHCI.HK,医疗保健,2026-07-10,3455.64,3.5424
HSHCI.HK,医疗保健,2026-07-17,3385.57,4.1681
HSHCI.HK,医疗保健,2026-07-24,3501.7,2.4837
HSHCI.HK,医疗保健,2026-07-31,3454.09,2.4044
HSHCI.HK,医疗保健,2026-08-07,3730.37,2.3825
HSHCI.HK,医疗保健,2026-08-14,3712.17,2.8545
HSHCI.HK,医疗保健,2026-08-21,3898.68,3.4504
HSHCI.HK,医疗保健,2026-08-28,3911.11,3.2054
HSI.GI,恒生指数,2025-06-06,23792.54,1.6817
HSI.GI,恒生指数,2025-06-13,23892.56,2.0185
HSI.GI,恒生指数,2025-06-20,23530.48,1.8713
HSI.GI,恒生指数,2025-06-27,24284.15,1.8135
HSI.GI,恒生指数,2025-07-04,23916.06,1.5112
HSI.GI,恒生指数,2025-07-11,24139.57,1.6036
HSI.GI,恒生指数,2025-07-18,24825.66,1.5647
HSI.GI,恒生指数,2025-07-25,25388.35,1.8163
HSI.GI,恒生指数,2025-08-01,24507.81,1.9354
HSI.GI,恒生指数,2025-08-08,24858.82,1.3478
HSI.GI,恒生指数,2025-08-15,25270.07,1.5305
HSI.GI,恒生指数,2025-08-22,25339.14,1.5759
HSI.GI,恒生指数,2025-08-29,25077.62,1.9206
HSI.GI,恒生指数,2025-09-05,25417.98,1.8266
HSI.GI,恒生指数,2025-09-12,26388.16,1.7618
HSI.GI,恒生指数,2025-09-19,26545.1,1.6962
HSI.GI,恒生指数,2025-09-26,26128.2,1.5864
HSI.GI,恒生指数,2025-09-30,27140.92,1.0262
HSI.GI,恒生指数,2025-10-10,26290.32,1.0226
HSI.GI,恒生指数,2025-10-17,25247.1,1.9925
HSI.GI,恒生指数,2025-10-24,26160.15,1.3872
HSI.GI,恒生指数,2025-10-31,25906.65,1.313
HSI.GI,恒生指数,2025-11-07,26241.83,1.4311
HSI.GI,恒生指数,2025-11-14,26572.46,1.4428
HSI.GI,恒生指数,2025-11-21,25220.02,1.5178
HSI.GI,恒生指数,2025-11-28,25858.89,1.3964
HSI.GI,恒生指数,2025-12-05,26085.08,1.1566
HSI.GI,恒生指数,2025-12-12,25976.79,1.3548
HSI.GI,恒生指数,2025-12-19,25690.53,1.3528
HSI.GI,恒生指数,2025-12-26,25818.93,0.5574
HSI.GI,恒生指数,2025-12-31,26338.47,0.8792
HSI.GI,恒生指数,2026-01-09,26231.79,1.6821
HSI.GI,恒生指数,2026-01-16,26844.96,1.8233
HSI.GI,恒生指数,2026-01-23,26749.51,1.3679
HSI.GI,恒生指数,2026-01-30,27387.11,1.8993
HSI.GI,恒生指数,2026-02-06,26559.95,1.6587
HSI.GI,恒生指数,2026-02-13,26567.12,1.2286
HSI.GI,恒生指数,2026-02-27,26630.54,1.2617
HSI.GI,恒生指数,2026-03-06,25757.29,2.0227
HSI.GI,恒生指数,2026-03-13,25465.6,1.6984
HSI.GI,恒生指数,2026-03-20,25277.32,1.5853
HSI.GI,恒生指数,2026-03-27,24951.88,1.9991
HSI.GI,恒生指数,2026-04-03,25116.53,1.4323
HSI.GI,恒生指数,2026-04-10,25893.54,0.9891
HSI.GI,恒生指数,2026-04-17,26160.33,1.2999
HSI.GI,恒生指数,2026-04-24,25978.07,1.2783
HSI.GI,恒生指数,2026-04-30,25776.53,1.3154
HSI.GI,恒生指数,2026-05-08,26393.71,1.3259
HSI.GI,恒生指数,2026-05-15,25962.73,1.4671
HSI.GI,恒生指数,2026-05-22,25606.03,1.4594
HSI.GI,恒生指数,2026-05-29,25182.39,1.7954
HSI.GI,恒生指数,2026-06-05,24961.95,1.6219
HSI.GI,恒生指数,2026-06-12,24718.1,1.7238
HSI.GI,恒生指数,2026-06-18,23924.81,1.3831
HSI.GI,恒生指数,2026-06-26,22671.86,1.8534
HSI.GI,恒生指数,2026-07-03,23350.03,1.4604
HSI.GI,恒生指数,2026-07-10,24175.12,1.7483
HSI.GI,恒生指数,2026-07-17,24562.24,1.602
HSI.GI,恒生指数,2026-07-24,24963.23,1.3613
HSI.GI,恒生指数,2026-07-31,25884.43,1.5947
HSI.GI,恒生指数,2026-08-07,25668.03,1.355
HSI.GI,恒生指数,2026-08-14,25116.85,1.1805
HSI.GI,恒生指数,2026-08-21,26009.46,1.4613
HSI.GI,恒生指数,2026-08-28,25584.79,1.389
HSITI.HK,资讯科技,2025-06-06,2397.84,4.1069
HSITI.HK,资讯科技,2025-06-13,2409.78,5.7705
HSITI.HK,资讯科技,2025-06-20,2401.6,4.1976
HSITI.HK,资讯科技,2025-06-27,2546.48,4.5911
HSITI.HK,资讯科技,2025-07-04,2527.58,3.7387
HSITI.HK,资讯科技,2025-07-11,2553.3,5.5262
HSITI.HK,资讯科技,2025-07-18,2678.93,6.8002
HSITI.HK,资讯科技,2025-07-25,2786.36,6.6832
HSITI.HK,资讯科技,2025-08-01,2659.01,6.6301
HSITI.HK,资讯科技,2025-08-08,2760.84,5.5364
HSITI.HK,资讯科技,2025-08-15,2854.66,7.8824
HSITI.HK,资讯科技,2025-08-22,2934.41,8.8431
HSITI.HK,资讯科技,2025-08-29,3019.53,14.1725
HSITI.HK,资讯科技,2025-09-05,2935.46,9.2814
HSITI.HK,资讯科技,2025-09-12,3134.13,7.835
HSITI.HK,资讯科技,2025-09-19,3262.49,11.7604
HSITI.HK,资讯科技,2025-09-26,3206.79,9.4924
HSITI.HK,资讯科技,2025-09-30,3445.99,4.7794
HSITI.HK,资讯科技,2025-10-10,3264.98,4.9221
HSITI.HK,资讯科技,2025-10-17,2967.89,8.4721
HSITI.HK,资讯科技,2025-10-24,3149.42,4.7771
HSITI.HK,资讯科技,2025-10-31,3045.45,4.4156
HSITI.HK,资讯科技,2025-11-07,2975.64,4.4468
HSITI.HK,资讯科技,2025-11-14,2936.11,3.6443
HSITI.HK,资讯科技,2025-11-21,2726.43,5.1514
HSITI.HK,资讯科技,2025-11-28,2822.33,4.1699
HSITI.HK,资讯科技,2025-12-05,2865.51,3.6868
HSITI.HK,资讯科技,2025-12-12,2852.54,4.4457
HSITI.HK,资讯科技,2025-12-19,2757.43,4.7607
HSITI.HK,资讯科技,2025-12-26,2787.74,2.3942
HSITI.HK,资讯科技,2025-12-31,2918.49,2.8901
HSITI.HK,资讯科技,2026-01-09,2959.08,5.9291
HSITI.HK,资讯科技,2026-01-16,3051.55,7.9601
HSITI.HK,资讯科技,2026-01-23,2999.74,4.384
HSITI.HK,资讯科技,2026-01-30,2948.09,5.1382
HSITI.HK,资讯科技,2026-02-06,2747.74,5.2529
HSITI.HK,资讯科技,2026-02-13,2864.84,5.8303
HSITI.HK,资讯科技,2026-02-27,2766.03,6.8295
HSITI.HK,资讯科技,2026-03-06,2626.52,6.0289
HSITI.HK,资讯科技,2026-03-13,2600.82,5.498
HSITI.HK,资讯科技,2026-03-20,2536.49,5.2688
HSITI.HK,资讯科技,2026-03-27,2446.5,5.1849
HSITI.HK,资讯科技,2026-04-03,2410.93,3.3257
HSITI.HK,资讯科技,2026-04-10,2579.74,3.0862
HSITI.HK,资讯科技,2026-04-17,2668.58,3.9325
HSITI.HK,资讯科技,2026-04-24,2696.36,3.8807
HSITI.HK,资讯科技,2026-04-30,2658.04,3.2107
HSITI.HK,资讯科技,2026-05-08,2820.66,3.7379
HSITI.HK,资讯科技,2026-05-15,2682.47,4.9171
HSITI.HK,资讯科技,2026-05-22,2748.86,4.8475
HSITI.HK,资讯科技,2026-05-29,2869.32,6.5209
HSITI.HK,资讯科技,2026-06-05,2832.61,7.091
HSITI.HK,资讯科技,2026-06-12,2713.19,6.1053
HSITI.HK,资讯科技,2026-06-18,2725.8,3.9718
HSITI.HK,资讯科技,2026-06-26,2632.03,5.58
HSITI.HK,资讯科技,2026-07-03,2691.35,6.2077
HSITI.HK,资讯科技,2026-07-10,2490.75,7.8411
HSITI.HK,资讯科技,2026-07-17,2150.76,7.1198
HSITI.HK,资讯科技,2026-07-24,2243.36,6.165
HSITI.HK,资讯科技,2026-07-31,2177.67,7.3749
HSITI.HK,资讯科技,2026-08-07,2348.51,6.032
HSITI.HK,资讯科技,2026-08-14,2344.53,4.2759
HSITI.HK,资讯科技,2026-08-21,2335.43,7.8431
HSITI.HK,资讯科技,2026-08-28,2256.23,7.3671
