ticker,company,target,date,year,deal_size_mn,deal_type,ta_group,specialty,size_basis,note,source_url,upfront_musd,milestone_musd,deal_subtype,confidence
PFE,Pfizer,Warner-Lambert Company,2000-06-19,2000,90200.0,M&A,Cardiovascular/Metabolic,Cardiovascular/Metabolic,Actual,"Secured full rights to blockbuster statin Lipitor® and OTC brands, creating world’s #2 drug maker (ftc.gov, pharmaceuticalonline.com)",,,,,
BMY,Bristol Myers Squibb,Celgene,2019-11-20,2019,74000.0,M&A,Oncology,Immuno-Oncology (I/O),Actual,"Revlimid®, Pomalyst®, Abecma™ & Breyanzi™ CAR-T – scale in blood cancers and cell therapy (news.bms.com)",,,,,
PFE,Pfizer,Wyeth,2009-01-01,2009,68000.0,M&A,Vaccines,Vaccines,Actual,"Added Prevnar® pneumococcal franchise, Enbrel® royalty stream and biologics manufacturing scale (pfizer.com, reuters.com)",,,,,
SNY,Sanofi,Aventis,2004-08-12,2004,66503.5,M&A,Other,Other,Actual,"Mega-merger: added Lantus®, Allegra®, world-class vaccines unit (money.cnn.com)",,,,,
ABBV,AbbVie,Allergan,2020-05-08,2020,64084.0,M&A,Dermatology/Aesthetics,Aesthetics,Actual,"Botox®, Juvederm® and migraine drug Ubrelvy® — cash engine beyond Humira",,,,,
PFE,Pfizer,Pharmacia,2003-04-16,2003,60000.0,M&A,Other,Other,Actual,"Brought Celebrex® (COX-2) & Detrol®; strengthened ophthalmology pipeline (money.cnn.com, pfizer.com)",,,,,
ROG,Roche,Genentech,2009-03-26,2009,46800.0,M&A,Oncology,Oncology,Actual,"Access to pioneering mAb R&D (Herceptin®, Rituxan®) and large-scale mammalian-cell manufacturing.",,,,,
MRK,Merck & Co,Schering-Plough,2009-11-03,2009,45700.0,M&A,Other,Other,Actual,"Transformational 2009 reverse-merger added Remicade®, Claritin® and a broad vaccines / women’s-health franchise",,,,,
PFE,Pfizer,Seagen,2023-12-14,2023,43400.0,M&A,Oncology,Oncology,Actual,"Four marketed antibody-drug conjugates & world-class ADC platform (PADCEV®, ADCETRIS®) (pfizer.com, wsj.com)",,,,,
AZN,AstraZeneca,Alexion,2021-07-21,2021,41058.0,M&A,Cardiovascular/Metabolic,Cardiovascular/Hematology,Actual,"C5-complement mAbs Soliris®/Ultomiris® for PNH, aHUS & other rare blood/immune disorders",,,,,
JNJ,Johnson & Johnson,Actelion Pharmaceuticals,2017-06-16,2017,29600.0,M&A,Cardiovascular/Metabolic,Cardiovascular/Metabolic,Actual,"PAH franchise — Opsumit® (macitentan), Uptravi® (selexipag) & Tracleer® (bosentan) to build a durable rare-lung pillar (jnj.com, prnewswire.com)",,,,,
AMGN,Amgen,Horizon Therapeutics,2023-10-06,2023,27800.0,M&A,Rare Disease,Rare Disease,Actual,"Tepezza, Krystexxa, Uplizna: A portfolio of commercial-stage, high-growth rare disease drugs.",,,,,
ABBV,AbbVie,Pharmacyclics,2015-05-26,2015,20770.0,M&A,Oncology,Oncology,Actual,Imbruvica® first-in-class BTK inhibitor anchoring blood-cancer franchise,,,,,
SNY,Sanofi,Genzyme,2011-04-08,2011,20100.0,M&A,Rare Disease,Rare-Disease,Actual,"Cerezyme®, Fabrazyme®, Myozyme® – created a lysosomal-storage-disorder pillar (news.sanofi.us, reuters.com)",,,,,
AZN,AstraZeneca,CSPC Pharmaceutical Group (HKEX:1093) — obesity peptide portfolio,2026-01-30,2026,18500.0,BD,Cardiovascular/Metabolic,"Metabolic / obesity & T2D (GLP1R/GIPR, S",Actual,,https://www.biopharmadive.com/news/astrazeneca-obesity-deal-china-cspc-ai/810942/,1200.0,17300.0,BD-collaboration,HIGH
AMGN,Amgen,Immunex,2002-07-15,2002,17771.8,M&A,Immunology,Immunology,Actual,Enbrel (etanercept): A foundational TNF-alpha inhibitor for autoimmune diseases.,,,,,
PFE,Pfizer,Hospira,2015-09-03,2015,17000.0,M&A,Other,Biosimilars,Actual,Leading hospital generics & biosimilar pipeline to reinforce global injectables unit (pfizer.com),,,,,
JNJ,Johnson & Johnson,Pfizer(Consumer Healthcare Business,2006-12-20,2006,16600.0,M&A,Consumer Health,Consumer Health,Actual,"Listerine®, Sudafed®, Nicorette® & Centrum® brands add global #1 OTC footprint (chiefmarketer.com, biospace.com)",,,,,
NVS,Novartis,GlaxoSmithKline(Oncology Business),2015-03-02,2015,16000.0,M&A,Oncology,Oncology,Actual,Entire GSK oncology portfolio incl. Tafinlar® + Mekinist® BRAF/MEK franchise and ofatumumab rights; seeded Novartis’ post-Glivec oncology growth. (novartis.com),,,,,
JNJ,Johnson & Johnson,Intra-cellular Therapies,2025-04-02,2025,15023.8,M&A,CNS/Neurology,Cns,Actual,"Caplyta® (lumateperone) for bipolar depression & schizophrenia; pipeline ITI-1284 for Alzheimer’s psychosis (investor.jnj.com, wsj.com)",,,,,
PFE,Pfizer,Medivation,2016-09-28,2016,14300.0,M&A,Oncology,Oncology,Actual,Blockbuster androgen-receptor inhibitor Xtandi® and PARP combo IP (pfizer.com),,,,,
BMY,Bristol Myers Squibb,Karuna Therapeutics,2024-03-18,2024,13793.0,M&A,CNS/Neurology,Cns,Actual,KarXT (xanomeline–trospium) first-in-class M1/M4 PAM for schizophrenia psychosis (news.bms.com),,,,,
AZN,AstraZeneca,Medlmmune,2007-06-19,2007,13791.0,M&A,Other,Other,Actual,"Synagis® (RSV), FluMist®, and an adenoviral-vector vaccine/biologics platform",,,,,
BMY,Bristol Myers Squibb,MyoKardia,2020-11-17,2020,13100.0,M&A,Cardiovascular/Metabolic,Cardiovascular/Metabolic,Actual,Mavacamten (Camzyos™) allosteric inhibitor for obstructive HCM (news.bms.com),,,,,
JNJ,Johnson & Johnson,Alza (Drug Delivery),2001-06-22,2001,12300.0,M&A,Other,Other,Actual,"OROS® controlled-release platform (Concerta®) plus Nicoderm® patches to seed long-acting portfolios (forbes.com, money.cnn.com)",,,,,
PFE,Pfizer,Mylan,2020-11-16,2020,12000.0,M&A,Gene/Cell Therapy,Generics,Actual,Spun-off legacy products into Viatris to streamline growth profile (pfizer.com),,,,,
PFE,Pfizer,Biohaven (NYS: BHVN),2022-10-03,2022,11600.0,M&A,CNS/Neurology,Cns,Actual,Nurtec®/Vydura™ (rimegepant) oral CGRP franchise and BHV-7000 portfolio (pfizer.com),,,,,
SNY,Sanofi,Bioverativ Therapeutics,2018-03-08,2018,11600.0,M&A,Rare Disease,Rare-Disease,Actual,"Eloctate® / Alprolix® long-acting Fc-fusion factors for haemophilia A/B (fiercepharma.com, sanofi.com)",,,,,
MRK,Merck & Co,Acceleron Pharma,2021-11-19,2021,11514.0,M&A,Cardiovascular/Metabolic,Cardiovascular/Hematology,Actual,Sotatercept (activin-signal modulator) for pulmonary arterial hypertension and β-thalassemia,,,,,
PFE,Pfizer,Array BioPharma,2019-07-30,2019,11400.0,M&A,Oncology,Oncology,Actual,RAF/MEK combo Braftovi® + Mektovi® and KRAS-G12C follow-up (pfizer.com),,,,,
MRK,Merck & Co,Prometheus Biosciences,2023-04-15,2023,10800.0,M&A,Immunology,Immunology,Actual,PRA023 (MK-7240) anti-TL1A mAb for ulcerative colitis & Crohn’s,,,,,
PFE,Pfizer,"Innovent Biologics (信达生物, 1801 HK)",2026-05-28,2026,10500.0,BD,Oncology,Oncology (12 early-stage programs: ADCs ,Actual,,https://www.pfizer.com/news/press-release/press-release-detail/pfizer-and-innovent-biologics-enter-global-strategic,650.0,9850.0,BD-collaboration,HIGH
MRK,Merck & Co,Verona Pharma,2025-10-07,2025,10050.7,M&A,Cardiovascular/Metabolic,Cardiovascular/Hematology,Actual,,,,,,
PFE,Pfizer,Metsera,2025-11-07,2025,10000.0,M&A,Cardiovascular/Metabolic,Cardiovascular/Metabolic,Actual,https://www.pfizer.com/news/press-release/press-release-detail/pfizer-acquire-metsera-and-its-next-generation-obesity,,,,,
AMGN,Amgen,Onyx Pharmaceuticals,2013-10-01,2013,9714.0,M&A,Oncology,Oncology,Actual,Kyprolis (carfilzomib): A proteasome inhibitor for multiple myeloma.,,,,,
NVS,Novartis,The Medicines Company,2020-01-06,2020,9600.0,M&A,Cardiovascular/Metabolic,Cardiovascular/Metabolic,Actual,Inclisiran (GalNAc-siRNA vs PCSK9) for LDL-C lowering; first commercial RNAi asset for Novartis CV franchise. (novartis.com),,,,,
MRK,Merck & Co,Cubist Pharmaceuticals,2015-01-21,2015,9500.0,M&A,Other,Other,Actual,Cubicin® (daptomycin) & new hospital antibiotics bolster anti-infective franchise,,,,,
ROG,Roche,InterMune,2014-09-29,2014,9396.7,M&A,Respiratory,Respiratory/Fibrosis,Actual,Esbriet® (pirfenidone) – first disease-modifying therapy for idiopathic pulmonary fibrosis; created a rare-lung franchise.,,,,,
ABBV,AbbVie,ImmunoGen,2024-02-12,2024,9200.0,M&A,Oncology,Oncology,Actual,Elahere® (FRα ADC) + IGN linker/payload platform for solid tumours,,,,,
SNY,Sanofi,Blueprint Medicines,2025-07-18,2025,8904.9,M&A,Oncology,Oncology,Actual,"Ayvakit®/Ayvakyt® (avapritinib, KIT) & BLU-808; strengthens systemic mastocytosis and GIST franchise (investopedia.com, sanofi.com)",,,,,
LLY,Eli Lilly,Innovent Biologics (1801 HK),2026-02-08,2026,8850.0,BD,Oncology,Oncology + immunology (joint novel medic,Actual,,https://www.prnewswire.com/news-releases/innovent-announces-strategic-collaboration-with-lilly-to-develop-new-medicines-globally-in-oncology-and-immunology-302682009.html,350.0,8500.0,BD-collaboration,HIGH
NVS,Novartis,Avidity Biosciences,2025-10-26,2025,8701.1,M&A,Gene/Cell Therapy,Gene Therapy,Actual,Antibody Oligonucleotide Conjugate (AOC) platform,,,,,
NVS,Novartis,AveXis,2018-05-15,2018,8700.0,M&A,Gene/Cell Therapy,Gene Therapy,Actual,Zolgensma® (onasemnogene) one-time AAV9 gene therapy for SMA; cornerstone of Novartis Gene Therapies. (novartis.com),,,,,
BMY,Bristol Myers Squibb,Systimmune,2024-04-17,2024,8400.0,BD,Oncology,Oncology,Actual,BL-B01D1 quad-specific EGFR×HER3 ADC – licence outside mainland China (news.bms.com),,,,,
ABBV,AbbVie,Cerevel Therapeutics,2024-08-01,2024,8300.0,M&A,CNS/Neurology,Cns,Actual,"Emraclidine (M4 PAM, schizophrenia) & tavapadon (D1/5 agonist, Parkinson’s)",,,,,
LLY,Eli Lilly,Centessa Pharmaceuticals,2026-03-31,2026,7800.0,M&A,CNS/Neurology,Neuroscience (OX2R orexin agonists; slee,Actual,,https://investor.lilly.com/news-releases/news-release-details/lilly-acquire-centessa-pharmaceuticals-advance-treatments-sleep,6300.0,1500.0,M&A,HIGH
BMY,Bristol Myers Squibb,DuPont Pharmaceuticals Company,2001-10-01,2001,7800.0,M&A,Other,Infectious Disease,Actual,"Sustiva™ (efavirenz), the leading NNRTI for HIV, plus Coumadin® anticoagulant and Cardiolite® imaging agent – broadened virology & CV portfolio (pharmaceuticalonline.com, tampabay.com, pharmaceuticalo",,,,,
ROG,Roche,Telavant,2023-12-14,2023,7072.2,M&A,Immunology,Immunology,Actual,RVT-3101 TL1A mAb for ulcerative colitis & Crohn’s; gives Roche a best-in-class large-molecule rival to mirikizumab / etrasimod.,,,,,
GSK,GSK,Novartis (Vaccines Business),2015-03-02,2015,7050.0,M&A,Vaccines,Vaccines,Actual,"Bexsero, Menveo: A broad portfolio of non-influenza vaccines, plus vaccine R&D pipeline.",,,,,
LLY,Eli Lilly,Kelonia Therapeutics,2026-04-20,2026,7000.0,M&A,Oncology,Cell therapy (in vivo CAR-T via iGPS len,Actual,,https://investor.lilly.com/news-releases/news-release-details/lilly-acquire-kelonia-therapeutics-advance-vivo-car-t-cell,3250.0,3750.0,M&A,HIGH
LLY,Eli Lilly,Loxo Oncology,2019-02-15,2019,6920.0,M&A,Oncology,Oncology,Actual,"Selpercatinib (Retevmo®) RET inhibitor; piperazine BTK franchise (pharmaphorum.com, fiercepharma.com)",,,,,
MRK,Merck & Co,Terns Pharmaceuticals,2026-03-25,2026,6700.0,M&A,Oncology,Oncology / hematology (CML; TERN-701 ora,Actual,,https://www.merck.com/news/merck-to-acquire-terns-pharmaceuticals-inc-expanding-its-hematology-pipeline-with-tern-701-a-novel-candidate-for-chronic-myeloid-leukemia-cml/,6700.0,0.0,M&A,HIGH
PFE,Pfizer,Arena Pharmaceuticals,2022-03-11,2022,6700.0,M&A,Immunology,Immunology/Dermatology,Actual,"Oral S1P modulator Etrasimod for ulcerative colitis & systemic IMDs (pfizer.com, pfizer.com)",,,,,
SNY,Sanofi,Boehringer Ingelheim(consumer healt!,2017-01-01,2017,6564.7,M&A,Consumer Health,Consumer Health,Actual,"Global OTC brands incl. Buscopan®, Dulcolax®, Mucosolvan® (asset swap) (news.sanofi.us)",,,,,
LLY,Eli Lilly,ImClone Systems,2008-11-24,2008,6500.0,M&A,Oncology,Oncology,Actual,Erbitux® + pipeline,,,,,
MRK,Merck & Co,Cidara Therapeutics,2025-11-14,2025,6499.8,M&A,Immunology,Immunology,Estimated,"CD388, a DFC intended for influenza prophylaxis",,,,,
ABBV,AbbVie,Stemcentrx,2016-06-01,2016,6426.0,M&A,Oncology,Oncology,Actual,Rovalpituzumab tesirine (DLL3 ADC) & tumour-initiating-cell platform,,,,,
LLY,Eli Lilly,Prevail Therapeutics,2021-01-22,2021,6159.3,M&A,Gene/Cell Therapy,Gene Therapy,Actual,"PR001 (GBA1 PD), PR004 (tauopathies) (pharmaphorum.com)",,,,,
JNJ,Johnson & Johnson,Momenta Pharmaceuticals,2020-10-01,2020,6100.0,M&A,Immunology,Immunology,Actual,"Nipocalimab (anti-FcRn mAb) for myasthenia, fetal-maternal & other allo-immune diseases (jnj.com, jnj.com)",,,,,
BMY,Bristol Myers Squibb,Mirati Therapeutics,2024-01-23,2024,5800.0,M&A,Oncology,Oncology,Actual,"Krazati® (adagrasib) KRAS-G12C inhibitor and follow-on SOS1 / PRMT5 programs – deepens lung-cancer precision toolkit (news.bms.com, investopedia.com)",,,,,
PFE,Pfizer,Global Blood Therapeutics,2022-10-05,2022,5700.0,M&A,Other,Haematology,Actual,"Sickle-cell disease drug Oxbryta® and next-gen GBT-601, incl. paediatric program (pfizer.com, pfizer.com)",,,,,
ABBV,AbbVie,RemeGen (荣昌生物) — RC148 PD-1xVEGF bispecific,2026-01-12,2026,5600.0,BD,Oncology,Oncology (advanced solid tumors / NSCLC),Actual,,https://news.abbvie.com/2026-01-12-AbbVie-and-RemeGen-Announce-Exclusive-Licensing-Agreement-to-Develop-A-Novel-Bispecific-Antibody-for-Advanced-Solid-Tumors,650.0,4950.0,BD-license,HIGH
NVS,Novartis,Chiron (Biotechnology),2006-04-20,2006,5400.0,M&A,Vaccines,Vaccines,Actual,Fluvirin® influenza vaccines & blood-screening diagnostics; created Novartis Vaccines unit (later sold to GSK). (gsk.com),,,,,
NVS,Novartis,Xiidra,2019-07-01,2019,5400.0,M&A,Ophthalmology,Ophthalmology,Actual,Lifitegrast 5 % eye-drops—the only Rx therapy targeting dry-eye inflammation. (novartis.com),,,,,
ROG,Roche,Spark Therapeutics,2019-12-17,2019,5226.0,M&A,Gene/Cell Therapy,Gene Therapy,Actual,Luxturna® (RPE65) + AAV platform for haemophilia A & CNS; cornerstone of Roche in-house gene-therapy unit.,,,,,
BMY,Bristol Myers Squibb,Amylin Pharmaceuticals,2012-08-08,2012,5218.0,M&A,Cardiovascular/Metabolic,Cardiovascular/Metabolic,Actual,"GLP-1 franchise Byetta® / Bydureon® (exenatide) and obesity pipeline, co-promoted with AZ to diversify beyond oncology (news.bms.com)",,,,,
NVS,Novartis,Argo Biopharma,2025-09-03,2025,5200.0,M&A,Cardiovascular/Metabolic,Cardiovascular/Metabolic,Actual,https://www.argobiopharma.com/news/153.html,,,,,
NVO,Novo Nordisk,Akero Therapeutics,2025-10-09,2025,5200.0,M&A,Cardiovascular/Metabolic,Cardiovascular/Metabolic,Actual,https://ir.akerotx.com/news-releases/news-release-details/akero-therapeutics-be-acquired-novo-nordisk-52-billion/,,,,,
JNJ,Johnson & Johnson,Centocor,1999-10-06,1999,5100.0,M&A,Immunology,Immunology,Actual,Infliximab (Remicade®) TNF inhibitor and first true biotech blockbuster (ourstory.jnj.com),,,,,
GSK,GSK,Tesaro,2019-01-22,2019,5000.0,M&A,Oncology,Oncology,Actual,Zejula (niraparib): A PARP inhibitor for ovarian cancer.,,,,,
PFE,Pfizer,Anacor Pharmaceuticals,2016-06-24,2016,4900.0,M&A,Immunology,Immunology/Dermatology,Actual,"First-in-class topical PDE-4 inhibitor Eucrisa® for atopic dermatitis (pfizer.com, reuters.com)",,,,,
SNY,Sanofi,Ablynx,2018-05-14,2018,4716.3,M&A,Cardiovascular/Metabolic,Hematology,Actual,"Cablivi® (caplacizumab) anti-vWF nanobody & VHH discovery engine (globenewswire.com, fiercebiotech.com)",,,,,
BMY,Bristol Myers Squibb,ImClone Systems,2008-09-23,2008,4500.0,M&A,Oncology,Oncology,Actual,"Erbitux® (cetuximab) EGFR mAb for CRC/HNSCC, plus an antibody-engineering engine that fed BMS’s IO platforms (news.bms.com)",,,,,
AZN,AstraZeneca,Bristol-Myers Squibb (Diabetes Busines,2014-02-01,2014,4100.0,M&A,Cardiovascular/Metabolic,Endocrinology/Metabolic,Estimated,"SGLT-2 inhibitor dapagliflozin (Farxiga®) franchise, incretin combos",,,,,
SNY,Sanofi,Merial,2009-07-30,2009,4000.0,M&A,Other,Animal-Health,Actual,Full control of Frontline®/Heartgard® franchise; pre-cursor to Boehringer swap,,,,,
AZN,AstraZeneca,Acerta Pharma,2016-02-02,2016,4000.0,M&A,Oncology,Oncology,Estimated,BTK inhibitor acalabrutinib (Calquence®) for B-cell malignancies,,,,,
NVS,Novartis,Advanced Accelerator Applications,2017-10-30,2017,3900.0,M&A,Oncology,Oncology,Actual,Lutathera,,,,,
MRK,Merck & Co,Idenix Pharmaceuticals,2014-08-05,2014,3900.0,M&A,Other,Other,Actual,"Nuc-based hepatitis-C antivirals (e.g., IDX-21437) expanding HCV pipeline",,,,,
BMY,Bristol Myers Squibb,RayzeBio,2024-01-02,2024,3873.0,M&A,Oncology,Oncology,Actual,"Actinium-225 platform & RYZ101 (Ac-DOTATATE) targeting SSTR2 for GEP-NETs; first α-emitter in BMS toolkit (news.bms.com, news.bms.com, news.bms.com, sec.gov, finance.yahoo.com)",,,,,
AMGN,Amgen,Chemocentryx,2022-10-20,2022,3700.0,M&A,Rare Disease,Rare Disease,Actual,"Tavneos (avacopan): A first-in-class, oral C5a receptor inhibitor for ANCA-associated vasculitis.",,,,,
SNY,Sanofi,Principia Biopharma,2020-09-28,2020,3680.0,M&A,Immunology,Immunology,Actual,"SAR443168 brain-penetrant BTK inhibitor for MS & neuro-auto-immunity (sanofi.com, axios.com)",,,,,
GSK,GSK,Stiefel Laboratories,2009-07-22,2009,3631.4,M&A,Dermatology/Aesthetics,Dermatology,Actual,"A leading, fully integrated dermatology business with a broad portfolio of products.",,,,,
PFE,Pfizer,King Pharmaceuticals,2011-02-28,2011,3600.0,M&A,Other,Other,Actual,"Abuse-deterrent opioids (Embeda®) & EpiPen® auto-injector platform (pfizer.com, en.wikipedia.org)",,,,,
BMY,Bristol Myers Squibb,Turning Point Therapeutics,2022-08-17,2022,3506.1,M&A,Oncology,Oncology,Actual,"Repotrectinib ROS1/NTRK inhibitor positioned for 1L ROS1+ NSCLC, plus next-gen ALK/SOS1 pipeline (news.bms.com, axios.com)",,,,,
ROG,Roche,Ventana Medical Systems,2008-02-19,2008,3400.0,M&A,Diagnostics,Diagnostics,Actual,Automated IHC/ISH instruments & companion-diagnostic kits – locked in vertical integration for onco-biomarker launches.,,,,,
NVS,Novartis,Chinook Therapeutics,2023-08-11,2023,3300.0,M&A,Cardiovascular/Metabolic,Cardiovascular/Metabolic,Actual,Atrasentan (ET-A) & zigakibart (APRIL mAb) for IgA nephropathy; expands cardio-renal pipeline. (novartis.com),,,,,
ROG,Roche,Carmot Therapeutics,2024-01-26,2024,3300.0,M&A,Cardiovascular/Metabolic,Cardiovascular/Metabolic,Actual,"Oral & once-weekly GLP-1/GIP agonists (CT-388, CT-996) – expands beyond tirzepatide competitors.",,,,,
NVO,Novo Nordisk,Dicerna Pharmaceuticals,2021-12-28,2021,3300.0,M&A,Gene/Cell Therapy,Gene Therapy,Actual,GalXC™ siRNA platform (incl. nedosiran) to create liver-targeted RNAi drugs for dyslipidaemia & NASH (businesswire.com),,,,,
NVS,Novartis,Anthos Therapeutics,2025-04-03,2025,3100.0,M&A,Cardiovascular/Metabolic,Cardiovascular/Metabolic,Actual,Abelacimab (FXI mAb) for VTE & AF stroke-prevention; re-acquired minority partner. (ft.com),,,,,
JNJ,Johnson & Johnson,Halda Therapeutics,2025-11-17,2025,3050.0,M&A,Other,Other,Actual,drug discovery platform,,,,,
MRK,Merck & Co,EyeBio,2024-07-11,2024,3044.0,M&A,Ophthalmology,Ophthalmology,Estimated,Restoret™ tri-specific Ab for diabetic macular edema & nAMD,,,,,
SNY,Sanofi,Translate Bio,2021-09-14,2021,3041.7,M&A,Vaccines,Vaccines,Actual,"mRNA vaccine platform (SARS-CoV-2, influenza) & MRT5005 (CF) (sanofi.com, sanofi.com)",,,,,
NVS,Novartis,Synnovation Therapeutics (via Pikavation subsidiary) — SNV4818 PI3Kα,2026-03-19,2026,3000.0,M&A,Oncology,Oncology (HR+/HER2- breast cancer; pan-m,Actual,,https://www.novartis.com/news/media-releases/novartis-agrees-acquire-pan-mutant-selective-pi3ka-inhibitor-strengthening-its-breast-cancer-pipeline,2000.0,1000.0,M&A,HIGH
GSK,GSK,Affinivax,2022-08-15,2022,3000.0,M&A,Vaccines,Vaccines,Actual,Next-generation pneumococcal vaccine candidate and MAPS technology platform.,,,,,
NVS,Novartis,MorphoSys,2023-12-31,2023,2947.8,M&A,Oncology,Oncology,Actual,Pelabresib (BET-i) + tafasitamab combo for myelofibrosis; enriches haema-onc late stage. (novartis.com),,,,,
SNY,Sanofi,Provention Bio,2023-04-27,2023,2900.0,M&A,Immunology,Immunology,Actual,Tzield™ (teplizumab) first disease-modifying therapy to delay type 1 diabetes (sanofi.com),,,,,
BMY,Bristol Myers Squibb,IFM Therapeutics,2017-09-06,2017,2800.0,M&A,Immunology,Immunology,Actual,"STING & NLRP3 agonist programs to ignite “cold” tumours; STING lead advanced to BMS-986301 (news.bms.com, news.bms.com, news.bms.com, investors.bms.com)",,,,,
MRK,Merck & Co,VelosBio,2020-12-18,2020,2800.0,M&A,Oncology,Oncology,Actual,VLS-101 ROR1-directed antibody-drug conjugate (ADC) for hematologic & solid tumours,,,,,
LLY,Eli Lilly,Insilico Medicine (晶泰/InSilico),2026-03-29,2026,2750.0,BD,Other,AI drug discovery (oral preclinical ther,Actual,,https://www.biopharmadive.com/news/eli-lilly-insilico-ai-medicine-drug-discovery/816088/,115.0,2635.0,BD-license,HIGH
AZN,AstraZeneca,ZS Pharma,2015-12-17,2015,2700.0,M&A,Cardiovascular/Metabolic,Cardiovascular/Hematology,Actual,Sodium-zirconium cyclosilicate (Lokelma®) for hyperkalaemia in CKD/heart-failure,,,,,
MRK,Merck & Co,ArQule,2020-01-16,2020,2700.0,M&A,Oncology,Oncology,Actual,MK-1026 (ARQ-531) reversible BTK inhibitor for B-cell cancers,,,,,
SNY,Sanofi,Earendil Labs (Helixon-affiliated) — bispecific antibodies,2026-01-05,2026,2560.0,BD,Immunology,Autoimmune & inflammatory disease bispec,Actual,,https://www.prnewswire.com/news-releases/earendil-labs-announces-strategic-collaboration-with-sanofi-to-discover-bispecific-antibodies-for-autoimmune-diseases-302652305.html,160.0,2400.0,BD-collaboration,MEDIUM
BMY,Bristol Myers Squibb,Inhibitex,2012-02-13,2012,2539.0,M&A,Other,Infectious Disease,Actual,INX-189 nucleotide polymerase inhibitor for HCV (reuters.com),,,,,
LLY,Eli Lilly,Scorpion Therapeutics,2025-01-11,2025,2500.0,M&A,Oncology,Oncology,Actual,"STX-478 mutant-selective PI3Kα inhibitor (investor.lilly.com, prnewswire.com)",,,,,
SNY,Sanofi,Synthorx,2020-01-23,2020,2500.0,M&A,Oncology,Oncology,Actual,"SAR444245 (THOR-707) synthetic IL-2 & Synthorx eXtended Genetic Alphabet platform (sanofi.com, fiercebiotech.com)",,,,,
LLY,Eli Lilly,Orna Therapeutics,2026-02-09,2026,2400.0,M&A,Immunology,Cell therapy (in vivo CAR-T via circular,Actual,,https://investor.lilly.com/news-releases/news-release-details/lilly-acquire-orna-therapeutics-advance-cell-therapies,,,M&A,MEDIUM
JNJ,Johnson & Johnson,Scios (Drug Discovery),2003-04-29,2003,2400.0,M&A,Cardiovascular/Metabolic,Cardiovascular/Metabolic,Actual,Natrecor® (nesiritide) recombinant BNP for acute decompensated heart failure (clinicalleader.com),,,,,
LLY,Eli Lilly,DlCE Therapeutics,2023-08-09,2023,2400.0,M&A,Immunology,Immunology,Actual,Oral IL-17 allosteric inhibitors (DC-806/853) (investor.lilly.com),,,,,
JNJ,Johnson & Johnson,Crucell,2011-02-22,2011,2385.4,M&A,Vaccines,Vaccines,Actual,PER.C6® cell-line tech & Ebola/ RSV vaccine programs—entry into prophylactic vaccines (biopharminternational.com),,,,,
MRK,Merck & Co,Peloton Therapeutics,2019-09-20,2019,2350.0,M&A,Oncology,Oncology,Estimated,Belzutifan (HIF-2α inhibitor) for renal-cell carcinoma,,,,,
SNY,Sanofi,Zentiva Group (XBRA: 1SKF401E),2009-02-20,2009,2318.6,M&A,Gene/Cell Therapy,Generics,Actual,"Central- & Eastern-European branded-generics leader (cardiovascularbusiness.com, pharmatimes.com)",,,,,
LLY,Eli Lilly,ICOS,2007-01-29,2007,2300.0,M&A,Other,Other,Actual,Full Cialis® rights (investor.lilly.com),,,,,
JNJ,Johnson & Johnson,Ambrx,2024-03-07,2024,2300.0,M&A,Oncology,Oncology,Actual,"ARX-517 (PSMA) & ARX-788 (HER2) plus synthetic-biology ADC platform to expand solid-tumor pipeline (jnj.com, bioprocessintl.com)",,,,,
BMY,Bristol Myers Squibb,Medarex,2009-09-01,2009,2300.0,M&A,Immunology,Immunology,Actual,Nivolumab (PD-1) & fully human Ab platform – bedrock of BMS IO franchise (news.bms.com),,,,,
LLY,Eli Lilly,Ajax Therapeutics,2026-04-27,2026,2300.0,M&A,Oncology,Oncology/heme (Type II JAK2 inhibitor AJ,Actual,,https://www.prnewswire.com/news-releases/lilly-to-acquire-ajax-therapeutics-to-advance-outcomes-for-patients-with-myelofibrosis-and-polycythemia-vera-302753832.html,,,M&A,HIGH
MRK,Merck & Co,Quotient Therapeutics (Flagship Pioneering),2026-03-24,2026,2200.0,BD,Immunology,Immunology / inflammatory bowel disease ,Actual,,https://quotient-tx.com/news/quotient-therapeutics-announces-collaboration-with-merck-to-discover-novel-drug-targets-in-inflammatory-bowel-disease-using-somatic-genomics-platform-technology,20.0,2180.0,BD-collaboration,HIGH
GSK,GSK,RAPT Therapeutics,2026-01-20,2026,2200.0,M&A,Immunology,Respiratory/I&I — food allergy (ozurepru,Actual,,https://www.gsk.com/en-gb/media/press-releases/gsk-enters-agreement-to-acquire-rapt-therapeutics/,2200.0,0.0,M&A,HIGH
MRK,Merck & Co,Pandion Therapeutics,2019-05-21,2019,2200.0,M&A,Immunology,Immunology,Estimated,PT101 IL-2 mutein that selectively expands T-regs for IBD & other IMDs,,,,,
NVS,Novartis,Eon Labs,2005-07-21,2005,2189.4,M&A,Gene/Cell Therapy,Generics,Actual,U.S. oral-solids generics base to bolster Sandoz. (biospace.com),,,,,
AZN,AstraZeneca,Fusion Pharmaceuticals,2024-06-04,2024,2189.0,M&A,Oncology,Oncology,Actual,"Targeted actinium-225 & lutetium-177 radiopharmaceuticals (FPI-2265, FPI-1434) (astrazeneca.com, wsj.com)",,,,,
NVS,Novartis,Endocyte,2018-12-21,2018,2100.0,M&A,Oncology,Oncology,Actual,^177Lu-PSMA-617 (Pluvicto™) radioligand for mCRPC; key to Novartis Radiopharma platform. (novartis.com),,,,,
ABBV,AbbVie,Capstan Therapeutics,2025-08-19,2025,2100.0,M&A,Immunology,Immunology,Actual,RNA delivery,,,,,
BMY,Bristol Myers Squibb,Cardioxyl Pharmaceuticals,2015-12-08,2015,2100.0,M&A,Cardiovascular/Metabolic,Cardiovascular/Metabolic,Actual,HNO donor CXL-1427 for acute decompensated heart failure,,,,,
NVO,Novo Nordisk,Corvidia Therapeutics,2020-06-11,2020,2100.0,M&A,Cardiovascular/Metabolic,Cardiovascular/Metabolic,Actual,Ziltivekimab – long-acting anti-IL-6 mAb for CKD-driven atherosclerotic events (nasdaq.com),,,,,
NVO,Novo Nordisk,Vivtex Corporation — oral drug-delivery tech,2026-02-25,2026,2100.0,BD,Cardiovascular/Metabolic,Oral biologics for obesity / diabetes / ,Actual,,https://www.novonordisk.com/content/nncorp/global/en/news-and-media/news-and-ir-materials/news-details.html?id=916506,,,BD-license,HIGH
LLY,Eli Lilly,Morphic Therapeutic,2024-08-16,2024,2045.6,M&A,Immunology,Immunology,Actual,"MORF-057 oral α4β7 integrin (ulcerative colitis) (investor.lilly.com, investor.lilly.com)",,,,,
GSK,GSK,Bellus Health,2023-06-28,2023,2000.0,M&A,Respiratory,Respiratory,Actual,"Camlipixant: A late-stage, potentially best-in-class oral P2X3 antagonist for refractory chronic cough.",,,,,
PFE,Pfizer,Trillium Therapeutics,2021-11-17,2021,2000.0,M&A,Oncology,Oncology,Actual,Dual CD47/SIRPα checkpoint inhibitors TTI-622/TTI-621 for haematologic malignancies (pfizer.com),,,,,
NVS,Novartis,"Excellergy, Inc. — Exl-111 anti-IgE",2026-03-27,2026,2000.0,M&A,Immunology,Immunology / allergy (anti-IgE antibody),Actual,,https://www.novartis.com/news/media-releases/novartis-agrees-acquire-excellergy-inc-building-allergy-leadership-next-generation-anti-ige-innovation,,,M&A,MEDIUM
ROG,Roche,lgnyta,2018-02-08,2018,1949.0,M&A,Oncology,Oncology,Actual,Rozlytrek® (entrectinib) ROS1 / NTRK fusion inhibitor for lung & rare solid tumours.,,,,,
SNY,Sanofi,Inhibrx,2024-05-30,2024,1938.6,M&A,Rare Disease,Rare-Disease,Actual,INBRX-101 recombinant A1AT enzyme-replacement for alpha-1 antitrypsin deficiency (sanofi.com),,,,,
LLY,Eli Lilly,Repertoire Immune Medicines,2026-01-29,2026,1925.0,BD,Immunology,Immunology (T-cell tolerizing therapies;,Actual,,https://www.prnewswire.com/news-releases/repertoire-immune-medicines-announces-strategic-collaboration-with-lilly-to-develop-tolerizing-therapies-for-autoimmune-diseases-302673203.html,85.0,1840.0,BD-collaboration,HIGH
LLY,Eli Lilly,Versanis Bio,2023-08-14,2023,1925.0,M&A,Cardiovascular/Metabolic,Cardiovascular/Metabolic,Actual,"Bimagrumab (ActRIIB mAb) for obesity & sarcopenia (investor.lilly.com, investor.lilly.com)",,,,,
SNY,Sanofi,Chattem,2009-12-21,2009,1900.0,M&A,Consumer Health,Consumer-Health,Actual,"Icy Hot®, Gold Bond®, Selsun® – turned Sanofi into a top-5 U.S. OTC player (reuters.com, news.sanofi.us)",,,,,
GSK,GSK,Sierra Oncology,2022-07-01,2022,1900.0,M&A,Oncology,Oncology,Actual,Momelotinib: A late-stage inhibitor for myelofibrosis patients with anemia.,,,,,
SNY,Sanofi,Kadmon Holdings,2021-11-09,2021,1900.0,M&A,Immunology,Immunology,Actual,Rezurock™ (belumosudil) ROCK2 inhibitor for chronic GVHD (sanofi.com),,,,,
PFE,Pfizer,Vicuron Pharmaceuticals,2005-09-14,2005,1900.0,M&A,Anti-Infectives,Anti-Infectives,Actual,"Anidulafungin & dalbavancin— hospital antifungals targeting resistant pathogens (fiercebiotech.com, jonesday.com)",,,,,
NVS,Novartis,Unnatural Products (UNP) — macrocyclic peptide platform,2026-02-18,2026,1800.0,BD,Cardiovascular/Metabolic,Cardiovascular (AI-guided macrocyclic pe,Actual,,https://www.globenewswire.com/news-release/2026/02/18/3240126/0/en/Unnatural-Products-Announces-Licensing-Agreement-with-Novartis-to-Develop-Macrocyclic-Peptide-Therapeutics.html,100.0,1700.0,BD-collaboration,HIGH
AZN,AstraZeneca,CinCor Pharma,2023-02-24,2023,1764.0,M&A,Cardiovascular/Metabolic,Cardiovascular/Hematology,Actual,"Baxdrostat, a highly selective aldosterone-synthase inhibitor for resistant hypertension (astrazeneca.com, astrazeneca-us.com)",,,,,
AZN,AstraZeneca,Almirall (Symbicort and Pulmicort),2014-11-03,2014,1759.0,M&A,Respiratory,Respiratory,Actual,Expanded global control of inhaled ICS/LABA/ICS+LABA brands for asthma/COPD,,,,,
JNJ,Johnson & Johnson,Alios BioPharma,2014-11-07,2014,1750.0,M&A,Other,Infectious Disease,Actual,"AL-8176 (lumicitabine) nucleoside antiviral for RSV; broad respiratory virus library (jnj.com, genengnews.com)",,,,,
NVS,Novartis,Mariana Oncology,2024-05-02,2024,1750.0,M&A,Oncology,Oncology,Actual,Alpha-emitting actinium-225 radioconjugate platform for solid tumours. (anthostherapeutics.com),,,,,
ROG,Roche,SanegeneBio (via Genentech) — siRNA program,2026-02-02,2026,1700.0,BD,Gene/Cell Therapy,RNAi / siRNA platform (undisclosed progr,Actual,,https://www.prnewswire.com/news-releases/sanegenebio-announces-rnai-global-licensing-collaboration-with-genentech-302676224.html,200.0,1500.0,BD-license,HIGH
NVS,Novartis,Regulus Therapeutics (NAS: RGLS),2025-06-25,2025,1700.0,M&A,Gene/Cell Therapy,Gene Therapy,Actual,RGLS8429 antisense targeting miR-17 for ADPKD; augments renal RNA toolbox.,,,,,
NVS,Novartis,SciNeuro Pharmaceuticals — amyloid-beta antibody,2026-01-12,2026,1665.0,BD,CNS/Neurology,Neuroscience (Alzheimer's; Abeta antibod,Actual,,https://www.prnewswire.com/news-releases/scineuro-and-novartis-enter-into-a-licensing-and-collaboration-agreement-for-next-generation-therapeutics-to-treat-alzheimers-disease-302658400.html,165.0,1500.0,BD-license,HIGH
AMGN,Amgen,FivePrime Therapeutics,2021-04-16,2021,1600.0,M&A,Oncology,Oncology,Actual,Bemarituzumab: An investigational anti-FGFR2b antibody for gastric cancer.,,,,,
SNY,Sanofi,ViceBio,2025-07-22,2025,1600.0,M&A,Vaccines,Vaccines,Actual,,,,,,
LLY,Eli Lilly,ARMO BioSciences,2018-06-22,2018,1600.0,M&A,Oncology,Oncology,Actual,"Pegilodecakin (PEG-IL-10) (clinicaltrialsarena.com, biospace.com)",,,,,
NVS,Novartis,IFM Tre,2019-05-07,2019,1575.0,M&A,Immunology,Immunology,Actual,NLRC4/NLRP3 inflammasome inhibitors for autoimmune diseases.,,,,,
LLY,Eli Lilly,Vaccine Company Inc,2026-05-26,2026,1550.0,M&A,Vaccines,Vaccines/infectious disease (viral patho,Actual,,https://www.prnewswire.com/news-releases/lilly-announces-three-acquisitions-to-build-infectious-disease-portfolio-302781404.html,,,M&A,HIGH
ROG,Roche,Poseida Therapeutics,2025-01-08,2025,1500.0,BD,Oncology,Oncology,Actual,"Option to buy allogeneic CAR-T portfolio (P-MUC1C-ALLO1, BCMA) & piggyBac® gene-editing platform.",,,,,
LLY,Eli Lilly,Curevo Inc,2026-05-26,2026,1500.0,M&A,Vaccines,Vaccines/infectious disease (shingles pr,Actual,,https://www.prnewswire.com/news-releases/lilly-announces-three-acquisitions-to-build-infectious-disease-portfolio-302781404.html,,,M&A,HIGH
BMY,Bristol Myers Squibb,Orbital Therapeutics,2025-10-10,2025,1500.0,M&A,Immunology,Immunology,Actual,RNA therapeutics platform,,,,,
NVS,Novartis,gyroscope,2022-02-17,2022,1500.0,M&A,Ophthalmology,Ophthalmology,Actual,GT005 AAV for geographic atrophy (complement C3 down-regulation).,,,,,
SNY,Sanofi,Kymab,2021-04-08,2021,1450.0,M&A,Immunology,Immunology,Actual,"KY1005 anti-OX40L mAb (atopic dermatitis) & KY1044 ICOS agonist (IO) (sanofi.com, sanofi.com)",,,,,
ABBV,AbbVie,Kestrel Therapeutics — KST-6051 oral pan-KRAS,2026-04-28,2026,1450.0,BD,Oncology,Oncology (KRAS-mutant solid tumors); war,Actual,,https://www.biospace.com/business/abbvie-sinks-talons-into-kras-with-right-to-buy-kestrel-for-up-to-1-45b,,,BD-option,HIGH
GSK,GSK,ID Biomedical,2005-12-08,2005,1447.2,M&A,Vaccines,Vaccines,Actual,Flu vaccine (Fluviral) and manufacturing capacity (Quebec site).,,,,,
ABBV,AbbVie,Aliada Therapeutics,2024-12-11,2024,1400.0,M&A,CNS/Neurology,Cns,Actual,ALIA-1758 anti-pE-Aβ mAb + BBB-shuttle tech for Alzheimer’s disease,,,,,
LLY,Eli Lilly,Disarm Therapeutics,2020-10-01,2020,1365.0,M&A,CNS/Neurology,Neurology,Actual,SARM1 inhibitors to halt axon degeneration,,,,,
MRK,Merck & Co,lmago BioSciences,2023-01-11,2023,1350.0,M&A,Cardiovascular/Metabolic,Cardiovascular/Hematology,Actual,Bomedemstat (LSD1 inh.) for myelofibrosis & MPNs,,,,,
NVO,Novo Nordisk,Emisphere Technologies,2020-12-08,2020,1350.0,M&A,Other,Drug-Delivery,Actual,Eligen® SNAC carrier that makes oral semaglutide (Rybelsus®) possible (globenewswire.com),,,,,
SNY,Sanofi,Qunol,2023-09-29,2023,1342.0,M&A,Consumer Health,Consumer Health,Actual,CoQ10 & turmeric-based healthy-aging vitamin line – expands U.S. CHC portfolio (sanofi.com),,,,,
NVS,Novartis,EBEWE Pharma (Generic Injectables Bu,2009-09-22,2009,1340.1,M&A,Oncology,Oncology,Actual,Austrian sterile-oncology injectables plant & portfolio for Sandoz.,,,,,
ROG,Roche,89bio,2025-10-30,2025,1323.5,M&A,Cardiovascular/Metabolic,Cardiovascular/Metabolic,Actual, potentially best-in-disease treatment for moderate to severe Metabolic Dysfunction-Associated Steatohepatitis (MASH),,,,,
LLY,Eli Lilly,Adverum Biotechnologies,2025-12-09,2025,1300.0,M&A,Ophthalmology,Ophthalmology,Actual,"Ixo-vec (ixoberogene soroparvovec), intravitreal gene therapy for wet AMD",,,,,
LLY,Eli Lilly,Verve Therapeutics,2025-07-28,2025,1300.0,M&A,Cardiovascular/Metabolic,Cardiovascular,Actual,"VERVE-102, VERVE-201, and VERVE-301 – target the three lipoprotein drivers of atherosclerosis: low-density lipoproteins, triglyceride-rich lipoproteins, and lipoprotein(a).",,,,,
MRK,Merck & Co,Elanco Aqua,2024-07-09,2024,1300.0,M&A,Other,Other,Actual,Animal health Vaccines & health products for farmed-fish diseases,,,,,
PFE,Pfizer,Esperion Therapeutics (Acquired)AstraZeneca(Antibiotics Business),2004-01-01,2004,1300.0,M&A,Other,Haematology,Actual,ApoA-I Milano HDL-raising gene therapy & CETP modulator know-how (asset later spun out) (ideas.repec.org),,,,,
LLY,Eli Lilly,Nimbus Therapeutics,2026-01-06,2026,1300.0,BD,Cardiovascular/Metabolic,Metabolic/obesity (oral preclinical obes,Actual,,https://www.businesswire.com/news/home/20260106883316/en/Nimbus-Therapeutics-Announces-Research-Collaboration-and-License-Agreement-with-Lilly-for-Novel-Oral-Obesity-Treatment,55.0,1245.0,BD-license,HIGH
AMGN,Amgen,Tularik,2004-05-29,2004,1300.0,M&A,Other,Platform,Actual,A small molecule drug discovery platform and early-stage pipeline.,,,,,
AMGN,Amgen,TeneoBio,2021-10-19,2021,1292.0,M&A,Other,Platform,Actual,Bispecific and multispecific antibody technology. Lead asset was a BCMAxCD3 bispecific for multiple myeloma.,,,,,
AZN,AstraZeneca,Ardea Biosciences,2012-06-19,2012,1268.0,M&A,Other,Nephrology,Actual,Lesinurad (Zurampic®) uricosuric for gout & hyperuricaemia,,,,,
AZN,AstraZeneca,TeneoTwo,2022-08-11,2022,1265.0,M&A,Oncology,Oncology,Actual,CD19×CD3 T-cell engager TNB-486 (DLBCL) & multi-specific antibody platform (astrazeneca.com),,,,,
BMY,Bristol Myers Squibb,Flexus Biosciences,2015-04-08,2015,1250.0,M&A,Immunology,Immunology,Actual,IDO/TDO inhibitors & F001287 – immunometabolism entry,,,,,
JNJ,Johnson & Johnson,Yellow jersey Therapeutics,2024-07-11,2024,1250.0,M&A,Immunology,Immunology,Actual,"NM26 bispecific (IL-4Rα × IL-31) for atopic dermatitis; complements J&J IL-13/TSLP pipeline (jnj.com, biopharminternational.com)",,,,,
GSK,GSK,Block Drug Company,2001-01-12,2001,1240.0,M&A,Consumer Health,Consumer Health,Actual,"Sensodyne, Polident, Corega: A portfolio of major consumer oral care brands.",,,,,
NVO,Novo Nordisk,Neotope Neuroscience,2021-09-20,2021,1230.0,M&A,Gene/Cell Therapy,Gene Therapy,Actual,PRX-004 anti-ATTR antibody acquired from Prothena for hereditary & wild-type ATTR-CM (globenewswire.com),,,,,
SNY,Sanofi,Amunix Pharmaceuticals,2022-02-08,2022,1225.0,M&A,Oncology,Oncology,Actual,XPAT/XPAC conditionally-activated IL-2 & T-cell engager platform (sanofi.com),,,,,
LLY,Eli Lilly,Ventyx Biosciences,2026-01-07,2026,1200.0,M&A,Immunology,Immunology/inflammation (oral NLRP3 inhi,Actual,,https://investor.lilly.com/news-releases/news-release-details/lilly-acquire-ventyx-biosciences-advance-oral-therapies,1200.0,0.0,M&A,HIGH
ABBV,AbbVie,Gilgamesh Pharmaceuticals,2025-10-24,2025,1200.0,M&A,Other,Mental,Actual,"bretisilocin (GM-2505), a short-acting psychedelic compound in development for treating major depressive disorder (MDD)",,,,,
AZN,AstraZeneca,Gracell,2024-02-22,2024,1200.0,M&A,Gene/Cell Therapy,Gene/Cell Therapy,Estimated,"FasTCAR™ autologous & next-gen allogeneic CAR-T (GC012F) for myeloma & B-ALL (astrazeneca.com, globenewswire.com)",,,,,
JNJ,Johnson & Johnson,Proteologix,2024-06-20,2024,1200.0,M&A,Immunology,Immunology,Actual,"PX128 (IL-13 × TSLP) & PX130 (IL-13 × IL-22) bispecifics for moderate-to-severe AD & asthma (jnj.com, reuters.com)",,,,,
AZN,AstraZeneca,Pearl Therapeutics,2013-06-27,2013,1159.0,M&A,Respiratory,Respiratory,Estimated,PT003/006 LAMA/LABA fixed-dose combos; pressurised MDI platform for COPD,,,,,
GSK,GSK,IDRx,2025-02-21,2025,1150.0,M&A,Oncology,Oncology,Actual,IDRX-42 & IDRX-73: Next-generation tyrosine kinase inhibitors for GIST and other cancers.,,,,,
NVS,Novartis,Tourmaline Bio,2025-10-28,2025,1146.3,M&A,Immunology,Immunology,Actual,"Tour006, a human moniclonal antibody designed to treat complex immune and inflammatory diseases",,,,,
AMGN,Amgen,Micromet,2012-03-07,2012,1146.0,M&A,Other,Platform,Actual,BiTE® (Bispecific T-cell Engager) platform. Lead asset was Blincyto (blinatumomab).,,,,,
AZN,AstraZeneca,Icosavax,2024-02-19,2024,1141.0,M&A,Vaccines,Vaccines,Estimated,"VLP-based multivalent RSV + hMPV jab (IVX-A12) for older adults (astrazeneca.com, sec.gov)",,,,,
GSK,GSK,Aiolos Bio,2024-02-14,2024,1134.8,M&A,Respiratory,Respiratory,Actual,"AIO-001: A potentially best-in-class, long-acting anti-TSLP monoclonal antibody for asthma.",,,,,
NVS,Novartis,Kate Therapeutics,2024-10-31,2024,1127.0,M&A,Gene/Cell Therapy,Gene Therapy,Actual,AAV-MYOT for myotubular myopathy; fits rare-disease GT focus.,,,,,
LLY,Eli Lilly,Seamless Therapeutics,2026-01-28,2026,1120.0,BD,Gene/Cell Therapy,Genetic medicine (programmable recombina,Actual,,https://www.globenewswire.com/news-release/2026/01/28/3227440/0/en/Seamless-Therapeutics-Announces-Global-Research-Collaboration-with-Lilly-to-Develop-Programmable-Recombinase-based-Therapeutics-for-Hearing-Loss.html,,,BD-collaboration,HIGH
NVO,Novo Nordisk,Cardior,2024-03-25,2024,1115.2,M&A,Cardiovascular/Metabolic,Cardiovascular/Metabolic,Actual,CDR132L miR-132 inhibitor (Ph 2) for heart-failure remodelling (cardior.de),,,,,
AZN,AstraZeneca,Amolyt Pharma,2024-07-15,2024,1107.0,M&A,Cardiovascular/Metabolic,Endocrinology/Metabolic,Estimated,"Palopegteriparatide (AZD6423) – PTHR1 agonist for chronic hypoparathyroidism (astrazeneca.com, astrazeneca.com)",,,,,
MRK,Merck & Co,Themis Bioscience,2020-06-19,2020,1106.0,M&A,Vaccines,Vaccines,Estimated,Measles-vector platform for chikungunya & emerging viral threats,,,,,
MRK,Merck & Co,Sirna Therapeutics,2006-12-29,2006,1100.0,M&A,Gene/Cell Therapy,Gene Therapy,Estimated,Foundational RNA-interference platform & siRNA pipeline,,,,,
NVS,Novartis,DTx Pharma,2023-07-14,2023,1100.0,M&A,Other,Drug Delivery,Actual,FALCON lipid-conjugate siRNA platform for peripheral targets (incl. obesity biology).,,,,,
NVO,Novo Nordisk,Forma Therapeutics,2022-09-01,2022,1100.0,M&A,Other,Haematology,Actual,Etavopivat (FT-4202) PKR activator for sickle-cell disease & β-thalassaemia (businesswire.com),,,,,
NVO,Novo Nordisk,Inversago Pharma,2023-09-08,2023,1075.0,M&A,Cardiovascular/Metabolic,Cardiovascular/Metabolic,Actual,INVS-130 CB1 inverse agonist – once-daily oral candidate for obesity & NASH (inversago.com),,,,,
ROG,Roche,PathAI,2026-05-07,2026,1050.0,M&A,Diagnostics,AI digital pathology / diagnostics,Actual,,https://www.roche.com/media/releases/med-cor-2026-05-07,750.0,300.0,M&A,HIGH
LLY,Eli Lilly,Point Biopharma Global,2023-12-27,2023,1040.0,M&A,Oncology,Oncology,Actual,"^177Lu-PSMA (PNT2002) & actinium pipeline (investor.lilly.com, investor.lilly.com)",,,,,
PFE,Pfizer,AZ anti-infectives portfolio,2016-12-22,2016,1040.0,M&A,Anti-Infectives,Anti-Infectives,Actual,"Late-stage antibiotics Zavicefta®/ATM-AVI and global commercial rights (pfizer.com, astrazeneca.com)",,,,,
ROG,Roche,C4 Therapeutics — degrader-antibody conjugates (DAC),2026-04-09,2026,1020.0,BD,Oncology,"Oncology — degrader-antibody conjugates,",Actual,,https://www.sec.gov/Archives/edgar/data/1662579/000162828026024336/cccc-20260409xexx991.htm,20.0,1000.0,BD-collaboration,HIGH
GSK,GSK,Frontier Biotech (前沿生物 688221.SH),2026-02-24,2026,1003.0,BD,Immunology,siRNA for inflammation-driven kidney dis,Actual,,https://www.prnewswire.com/news-releases/frontier-biotech-and-gsk-enter-global-exclusive-licensing-agreement-for-small-interfering-rna-therapeutics-302695609.html,40.0,963.0,BD-license,HIGH
LLY,Eli Lilly,Radionetics Oncology,2024-07-01,2024,1000.0,M&A,Oncology,Oncology,Actual,"GPCR-targeted small-molecule radiopharma platform (radionetics.com, biospace.com)",,,,,
LLY,Eli Lilly,Protomer Technologies,2021-07-14,2021,1000.0,M&A,Cardiovascular/Metabolic,Cardiovascular/Metabolic,Actual,Glucose-responsive “smart-insulin” sensors,,,,,
AZN,AstraZeneca,EsoBiotec,2025-05-20,2025,1000.0,M&A,Oncology,Oncology,Actual,"Non-viral, off-the-shelf cell-therapy platform targeting solid tumours (astrazeneca.com, ft.com)",,,,,
LLY,Eli Lilly,SiteOne Therapeutics,2025-08-07,2025,1000.0,M&A,CNS/Neurology,Cns,Actual,"STC-004 Nav1.8 inhibitor – non-opioid analgesic (investor.lilly.com, prnewswire.com)",,,,,
JNJ,Johnson & Johnson,Aragon Pharmaceuticals,2013-08-21,2013,1000.0,M&A,Oncology,Oncology,Actual,Apalutamide (Erleada®) androgen-receptor antagonist for prostate-cancer franchise,,,,,
NVS,Novartis,GlaxoSmithkline(Multiple Sclerosis Drl,2015-08-21,2015,1000.0,M&A,Immunology,Immunology,Actual,Ofatumumab SC (Kesimpta®) anti-CD20 for RMS; deepens neuro-immunology.,,,,,
ABBV,AbbVie,Syndesi Therapeutics,2022-02-25,2022,1000.0,M&A,CNS/Neurology,Cns,Actual,SDI-118 SV2A positive-allosteric modulator for cognitive impairment,,,,,
SNY,Sanofi,ILEX Oncology,2004-12-21,2004,1000.0,M&A,Oncology,Oncology,Actual,Campath® (alemtuzumab) and kinase-inhibitor discovery engine,,,,,
ROG,Roche,Foundation Medicine,2015-04-07,2015,989.0,M&A,Diagnostics,Diagnostics,Actual,FoundationOne® CDx pan-tumour NGS test – companion-DX partner for Roche’s IO & TKI launches.,,,,,
GSK,GSK,35Pharma Inc.,2026-02-25,2026,950.0,M&A,Cardiovascular/Metabolic,RI&I / cardiovascular — pulmonary hypert,Actual,,https://www.gsk.com/en-gb/media/press-releases/gsk-enters-agreement-to-acquire-35pharma-inc/,950.0,0.0,M&A,HIGH
AZN,AstraZeneca,Cambridge Antibody Technology,2006-08-22,2006,945.0,M&A,Other,Other,Actual,"Pioneering phage-display antibody-engineering engine (yielded Humira®, benralizumab)",,,,,
LLY,Eli Lilly,Avid Radiopharmaceuticals,2010-12-20,2010,896.1,M&A,Diagnostics,Diagnostics,Actual,Amyvid® florbetapir PET tracer,,,,,
BMY,Bristol Myers Squibb,ZymoGenetics,2010-10-12,2010,885.0,M&A,Immunology,Immunology,Actual,Pegylated IFN-λ & IL-21 cytokine programs,,,,,
NVS,Novartis,Speedel Pharma,2008-07-10,2008,878.6,M&A,Cardiovascular/Metabolic,Cardiovascular/Metabolic,Actual,Direct renin inhibitor aliskiren (Tekturna®) and follow-up molecules.,,,,,
NVS,Novartis,Lek (Drug Discovery),2002-11-21,2002,875.0,M&A,Gene/Cell Therapy,Generics,Actual,Central-Europe branded-generics footprint (now Sandoz).,,,,,
JNJ,Johnson & Johnson,Cougar Biotechnology,2009-07-09,2009,866.4,M&A,Oncology,Oncology,Actual,Abiraterone (Zytiga®) CYP17 inhibitor for metastatic CRPC,,,,,
LLY,Eli Lilly,CoLucid Pharmaceuticals,2017-03-01,2017,857.6,M&A,CNS/Neurology,Cns,Actual,"Lasmiditan (Reyvow®) 5-HT1F agonist (investor.lilly.com, biopharmadive.com)",,,,,
LLY,Eli Lilly,Dermira,2020-02-20,2020,849.3,M&A,Immunology,Immunology,Actual,"Lebrikizumab IL-13 mAb (AD) + Qbrexza® wipes (investor.lilly.com, investor.lilly.com)",,,,,
AMGN,Amgen,Dark Blue Therapeutics,2026-01-06,2026,840.0,M&A,Oncology,Oncology (targeted protein degrader MLLT,Actual,,https://www.prnewswire.com/news-releases/amgen-acquires-dark-blue-therapeutics-bolstering-oncology-pipeline-302652998.html,,,M&A,HIGH
MRK,Merck & Co,Infinimmune,2026-03-31,2026,838.0,BD,Immunology,Immunology / autoimmune (AI antibody dis,Actual,,https://www.businesswire.com/news/home/20260331613246/en/Infinimmune-Enters-Collaboration-with-Merck-to-Discover-Novel-Human-Antibody-Therapeutics,,,BD-collaboration,MEDIUM
NVS,Novartis,IFM Due,2024-03-13,2024,835.0,M&A,Immunology,Immunology,Actual,cGAS–STING pathway antagonists for lupus & interferonopathies.,,,,,
GSK,GSK,Reliant Pharmaceuticals,2007-12-18,2007,814.0,M&A,Cardiovascular/Metabolic,Cardiovascular,Actual,Lovaza (omega-3 acid ethyl esters): A prescription-grade fish oil for hypertriglyceridemia.,,,,,
PFE,Pfizer,Therachon,2019-07-01,2019,810.0,M&A,Other,Other,Actual,TA-46 FGFR3 ligand trap for achondroplasia (dwarfism) (pfizer.com),,,,,
SNY,Sanofi,Shantha Biotechnics,2009-07-27,2009,800.0,M&A,Vaccines,Vaccines,Actual,Recombinant Hep-B & pentavalent paediatric combo shots; low-cost manufacturing in India,,,,,
LLY,Eli Lilly,LimmaTech Biologics,2026-05-26,2026,780.0,M&A,Vaccines,Vaccines/infectious disease (bacterial p,Actual,,https://www.prnewswire.com/news-releases/lilly-announces-three-acquisitions-to-build-infectious-disease-portfolio-302781404.html,,,M&A,HIGH
MRK,Merck & Co,Tilos Therapeutics,2019-06-01,2019,773.0,M&A,Immunology,Immunology,Actual,Anti-LAP Abs targeting latent TGF-β for cancer & fibrosis,,,,,
NVS,Novartis,Cadent Therapeutics,2021-03-31,2021,770.0,M&A,CNS/Neurology,Cns,Actual,CAD-9303 NMDA-R PAM for cognition in schizophrenia & CAD-1883 for ET.,,,,,
MRK,Merck & Co,Harpoon Therapeutics,2024-03-11,2024,765.0,M&A,Oncology,Oncology,Actual,DLL3-targeted TriTAC® T-cell engager HPN328 for SCLC ,,,,,
ROG,Roche,Tusk Therapeutics,2018-09-27,2018,764.0,M&A,Oncology,Immuno-Oncology (I/O),Actual,Anti-CD25 & anti-CD38 T-reg–depleting antibodies – strengthens innate-IO combo pipeline.,,,,,
ABBV,AbbVie,Haisco (海思科) — HSK55718 + HSK51155 NaV1.8,2026-04-14,2026,745.0,BD,CNS/Neurology,Pain / non-opioid analgesia (NaV1.8); ex,Actual,,https://www.prnewswire.com/news-releases/haisco-enters-into-exclusive-license-agreement-with-abbvie-to-develop-novel-medicines-for-pain-302740226.html,30.0,715.0,BD-license,HIGH
SNY,Sanofi,Protein Sciences,2017-08-25,2017,743.6,M&A,Vaccines,Vaccines,Actual,Flublok® recombinant influenza vaccine & baculovirus production platform (news.sanofi.us),,,,,
BMY,Bristol Myers Squibb,iPierian,2014-04-29,2014,725.0,M&A,CNS/Neurology,Cns,Actual,IPN007 anti-Tau mAb for PSP & AD,,,,,
AMGN,Amgen,Rodeo Therapeutics,2021-03-30,2021,721.0,M&A,Immunology,Immunology,Actual,Small molecule modulators of prostaglandin biology for tissue regeneration.,,,,,
GSK,GSK,Sirtris Pharmaceuticals,2008-06-05,2008,720.0,M&A,Other,Platform,Actual,"Sirtuin-targeting compounds (e.g., resveratrol) for diseases of aging.",,,,,
GSK,GSK,Alfasigma S.p.A. — linerixibat (Lyanavoy) out-license,2026-03-09,2026,690.0,BD,Rare Disease,Rare liver disease — PBC cholestatic pru,Actual,,https://www.gsk.com/en-gb/media/press-releases/gsk-and-alfasigma-announce-agreement/,300.0,390.0,BD-rights,HIGH
SNY,Sanofi,SangStat Medical,2003-08-04,2003,680.0,M&A,Immunology,Immunology,Actual,Thymoglobulin® anti-T-cell mAb & Cedhec® immunosuppressant portfolio,,,,,
PFE,Pfizer,NextWave Pharmaceuticals,2012-11-28,2012,680.0,M&A,CNS/Neurology,Cns,Actual,"Liquid once-daily methylphenidate Quillivant XR™ franchise (pfizer.com, cooley.com)",,,,,
MRK,Merck & Co,Oncolmmune,2020-12-01,2020,678.0,M&A,Immunology,Immunology,Estimated,CD24-Fc fusion protein (MK-7110) immunomodulator for severe COVID-19 & GVHD,,,,,
AMGN,Amgen,Gensenta,2012-06-12,2012,677.0,M&A,Other,Other,Actual,A Turkish generics and sterile injectables manufacturer.,,,,,
AMGN,Amgen,Kirin-Amgen,2017-12-31,2017,657.0,M&A,Other,Other,Actual,"Full rights to Amgen products (e.g., Nplate) in Japan.",,,,,
JNJ,Johnson & Johnson,Galapagos (Biotechnology) (AMS: GLPG,2015-03-10,2015,650.0,BD,Immunology,Immunology,Actual,Filgotinib (JAK-1 selective) rights—option structured deal for RA & IBD,,,,,
PFE,Pfizer,Baxter International (Portfolio of Marke,2014-12-01,2014,648.0,M&A,Vaccines,Vaccines,Actual,"Neisseria meningitidis (Nimenrix®, Mencevax™) & tick-borne encephalitis shots, plus Austria plant (pfizer.com, pfizer.com)",,,,,
PFE,Pfizer,Bamboo Therapeutics,2016-08-01,2016,645.0,M&A,Gene/Cell Therapy,Gene Therapy,Actual,rAAV vectors for Duchenne muscular dystrophy & CNS disorders; NC vector plant (reuters.com),,,,,
ROG,Roche,Ariosa Diagnostics,2015-01-12,2015,636.0,M&A,Diagnostics,Diagnostics,Actual,Harmony™ non-invasive prenatal test (NIPT) – entry into cfDNA screening.,,,,,
AZN,AstraZeneca,AbelZeta — C-CAR031 GPC3 CAR-T (remaining China rights),2026-01-18,2026,630.0,BD,Oncology,"Oncology (cell therapy, HCC/solid tumors",Actual,,https://www.prnewswire.com/news-releases/abelzeta-announces-remaining-china-rights-to-gpc3-armored-car-t-therapy-to-be-acquired-by-astrazeneca-302664054.html,,,BD-rights,HIGH
AMGN,Amgen,DISCO Pharmaceuticals,2026-01-07,2026,618.0,BD,Oncology,Oncology (cancer surfaceome / cell-surfa,Actual,,https://www.globenewswire.com/news-release/2026/01/07/3214315/0/en/DISCO-Pharmaceuticals-Enters-License-Agreement-to-Advance-Novel-Cancer-Surfaceome-Targeted-Therapies.html,,,BD-license,HIGH
GSK,GSK,Halozyme Therapeutics — ENHANZE SC delivery,2026-05-07,2026,610.0,BD,Oncology,Oncology — subcutaneous delivery for mul,Actual,,https://www.prnewswire.com/news-releases/halozyme-announces-global-collaboration-and-license-agreement-with-gsk-to-develop-subcutaneous-formulations-of-multiple-promising-oncology-targets-302765632.html,30.0,580.0,BD-license,HIGH
MRK,Merck & Co,Caraway Therapeutics,2023-11-20,2023,610.0,M&A,CNS/Neurology,Neurology,Estimated,Small-molecule lysosomal modulators for ALS & neurodegeneration,,,,,
MRK,Merck & Co,cCAM Biotherapeutics,2015-07-28,2015,606.0,M&A,Oncology,Oncology,Estimated,CM-24 (anti-CEACAM1) immune-checkpoint antibody,,,,,
JNJ,Johnson & Johnson,Novira Therapeutics,2015-12-04,2015,600.0,M&A,Other,Infectious Disease,Actual,NVR 3-778 capsid inhibitor for chronic hepatitis B,,,,,
AZN,AstraZeneca,Allergan (Respiratory Business),2015-03-03,2015,600.0,M&A,Respiratory,Respiratory,Actual,"Daliresp® (roflumilast) PDE-4, tudulipti / breezhaler programmes",,,,,
SNY,Sanofi,Dren-0201,2025-05-16,2025,600.0,M&A,Immunology,Immunology,Actual,DR-0201 bispecific myeloid-cell engager for rapid B-cell depletion in autoimmune diseases (sanofi.com),,,,,
BMY,Bristol Myers Squibb,Padlock Therapeutics,2016-04-01,2016,600.0,M&A,Immunology,Immunology,Actual,PAD4 inhibitors for RA & lupus,,,,,
AMGN,Amgen,BioVex Group,2011-03-04,2011,597.0,M&A,Oncology,Oncology,Actual,Imlygic (T-VEC): An oncolytic immunotherapy.,,,,,
ROG,Roche,SAGA Diagnostics,2026-04-16,2026,595.0,M&A,Oncology,Tumor-informed MRD / cancer-monitoring d,Actual,,https://www.roche.com/investors/updates/inv-update-2026-04-16b,,,M&A,HIGH
ROG,Roche,Adheron Therapeutics,2015-10-09,2015,580.0,M&A,Immunology,Immunology,Actual,Anti-Cadherin-11 mAb RG6125 for rheumatoid arthritis & fibrotic lung disease.,,,,,
MRK,Merck & Co,Rosetta lnpharmatics,2001-07-19,2001,576.0,M&A,Other,Other,Estimated,Gene-expression microarray & bio-informatics discovery suite,,,,,
AZN,AstraZeneca,Takeda Pharmaceutical (Respiratory Bu,2016-03-01,2016,575.0,M&A,Respiratory,Respiratory,Actual,"R&D portfolio in severe asthma & COPD (anti-TSLP, anti-IL-33 mAbs)",,,,,
GSK,GSK,CN5 (Minnesota),2006-12-19,2006,566.0,M&A,Consumer Health,Consumer Health,Actual,Breathe Right nasal strips.,,,,,
ROG,Roche,TlB Molbiol Syntheselabor,2021-12-01,2021,554.2,M&A,Diagnostics,Diagnostics,Actual,Custom primers & kits; rapid SARS-CoV-2 and emerging-pathogen panels for Roche Molecular.,,,,,
MRK,Merck & Co,Rigontec,2017-10-26,2017,551.2,M&A,Immunology,Immunology,Estimated,RIG-I agonists (IV-RIG) driving innate immunity in cancer & antivirals,,,,,
NVS,Novartis,Proteon Therapeutics,2014-03-18,2014,550.0,M&A,Cardiovascular/Metabolic,Cardiovascular/Metabolic,Actual,Vonapanitase elastase for AV-fistula patency in ESRD dialysis.,,,,,
SNY,Sanofi,Acambis,2008-07-28,2008,549.0,M&A,Vaccines,Vaccines,Actual,ACAM2000® smallpox vaccine & WEE/EEE/JE‐chimaera flavivirus platform,,,,,
SNY,Sanofi,Fovea Pharmaceuticals,2009-10-01,2009,539.8,M&A,Ophthalmology,Ophthalmology,Actual,"FOV2304 (TRPV1 antagonist, DME) and FOV1101 (trazodone, retinitis pigmentosa) pipeline",,,,,
SNY,Sanofi,BiPar Sciences,2009-04-15,2009,539.0,M&A,Oncology,Oncology,Actual,Iniparib (PARP-1 inhibitor) for triple-negative breast cancer,,,,,
ROG,Roche,Marcadia Biotech,2010-12-29,2010,537.0,M&A,Cardiovascular/Metabolic,Cardiovascular/Metabolic,Actual,Dual GLP-1/GCGR & oxyntomodulin analogues for diabetes / obesity.,,,,,
ROG,Roche,Tensha Therapeutics,2016-01-11,2016,535.0,M&A,Oncology,Oncology,Actual,BET-bromodomain inhibitor RG6146 for solid tumours; epigenetic-IO synergy.,,,,,
ROG,Roche,Trophos,2015-03-03,2015,532.3,M&A,CNS/Neurology,Cns,Actual,Olesoxime & mitochondrial pipeline for spinal muscular atrophy (later discontinued).,,,,,
PFE,Pfizer,Novavax (NVAX),2026-01-20,2026,530.0,BD,Vaccines,Vaccines / infectious disease (Matrix-M ,Actual,,https://ir.novavax.com/press-releases/2026-01-20-Novavax-Announces-Entering-into-a-License-Agreement-with-Pfizer,30.0,500.0,BD-license,HIGH
PFE,Pfizer,Angiosyn,2005-05-05,2005,527.0,M&A,Ophthalmology,Ophthalmology,Actual,"Anti-angiogenic peptide (ANG-1005) for wet AMD / retinal NV (ophthalmologytimes.com, pharmatimes.com)",,,,,
PFE,Pfizer,ReViral,2022-04-06,2022,525.0,M&A,Anti-Infectives,Anti-Infectives,Actual,Sisunatovir & RV-521 – first-in-class RSV fusion & N-protein inhibitors (pfizer.com),,,,,
BMY,Bristol Myers Squibb,Cormorant Pharmaceuticals,2016-07-05,2016,520.0,M&A,Oncology,Oncology,Actual,HuMax-IL-8 (BMS-986253) targeting TME inflammation,,,,,
BMY,Bristol Myers Squibb,2Seventy Bio,2025-05-13,2025,501.0,M&A,Oncology,Oncology,Actual,Remaining 50 % royalty in ide-cel CAR-T for multiple myeloma (news.bms.com),,,,,
AZN,AstraZeneca,Pinetree Therapeutics — PTX-299 pan-EGFR degrader (option exercise),2026-04-01,2026,500.0,BD,Oncology,Oncology (EGFR-driven tumors); option-to,Actual,,https://www.prnewswire.com/news-releases/pinetree-therapeutics-announces-exercise-of-option-to-license-egfr-degrader-program-by-astrazeneca-302754627.html,25.0,475.0,BD-option,MEDIUM
NVS,Novartis,Elixir Pharmaceuticals,2009-05-20,2009,500.0,BD,Cardiovascular/Metabolic,Cardiovascular/Metabolic,Actual,Option to buy rights to ghrelin-antagonist program for type-2 diabetes + sirtuin-modulator platform aimed at ageing & metabolic disease (biospace.com),,,,,
PFE,Pfizer,Rinat Neuroscience,2006-05-16,2006,500.0,M&A,CNS/Neurology,Cns,Actual,mAb portfolio incl. anti-NGF tanezumab for chronic OA pain (fiercebiotech.com),,,,,
PFE,Pfizer,Sciwind Biosciences (Hangzhou Sciwind / 杭州中美华东 unlisted),2026-02-24,2026,495.0,BD,Cardiovascular/Metabolic,Metabolic / obesity & T2D (GLP-1 recepto,Actual,,https://www.prnewswire.com/news-releases/sciwind-biosciences-partners-with-pfizer-china-to-commercialize-its-biased-glp-1-in-china-302695339.html,,,BD-rights,HIGH
ROG,Roche,Dutalys,2014-12-18,2014,489.4,M&A,Other,Platform,Actual,DutaMab® two-in-one antibody-format engineering technology.,,,,,
BMY,Bristol Myers Squibb,Adnexus Therapeutics,2007-10-01,2007,489.0,M&A,Oncology,Oncology,Actual,CT-322 anti-VEGFR2 Adnectin & protein-engineering platform,,,,,
SNY,Sanofi,Medley Farmacéutica,2009-04-09,2009,462.6,M&A,Gene/Cell Therapy,Generics,Actual,"#1 Brazilian generics player, boosting Emerging-Market revenue mix",,,,,
JNJ,Johnson & Johnson,Omrix Biopharmaceuticals,2008-12-30,2008,458.0,M&A,Other,Other,Actual,Bioseal™ fibrin sealant & Evicel™ topical hemostatic patch for surgical bleeding,,,,,
GSK,GSK,Domantis,2007-01-05,2007,457.9,M&A,Other,Platform,Actual,"Domain Antibodies (dAbs) technology, a novel, small antibody format.",,,,,
ROG,Roche,lQuum,2014-06-10,2014,457.0,M&A,Diagnostics,Diagnostics,Actual,"Liat™ system – 20-min PCR for flu, RSV, SARS-CoV-2; builds POC molecular franchise.",,,,,
NVS,Novartis,Encore Vision,2017-01-20,2017,456.0,M&A,Ophthalmology,Ophthalmology,Actual,EV06 (UNR-844) topical lipoic-acid choline ester eye-drops to reverse lens stiffening in presbyopia (dallasnews.com),,,,,
ROG,Roche,Santaris Pharma,2014-08-31,2014,450.0,M&A,Gene/Cell Therapy,Gene Therapy,Actual,"Locked-nucleic-acid (LNA) antisense platform; miravirsen for HCV (assets.roche.com, nature.com)",,,,,
LLY,Eli Lilly,Applied Molecular Evolution,2022-12-01,2022,449.2,M&A,Other,Other,Actual,AME™ directed-evolution platform (disease-agnostic),,,,,
ROG,Roche,Inflazome,2020-09-18,2020,445.2,M&A,Immunology,Immunology,Actual,"Oral NLRP3 inhibitors (inzomelid, somalix) for inflam-driven CNS & systemic disorders (fiercebiotech.com, businesswire.com)",,,,,
LLY,Eli Lilly,Akouos,2022-12-01,2022,445.0,M&A,Gene/Cell Therapy,Gene Therapy,Actual,AK-OTOF AAV for genetic hearing loss,,,,,
ROG,Roche,Kapa Biosystems,2015-11-30,2015,445.0,M&A,Diagnostics,Diagnostics,Actual,"High-fidelity PCR & library-prep enzymes to improve sequencing accuracy & speed (assets.roche.com, prnewswire.com)",,,,,
BMY,Bristol Myers Squibb,Galecto (NAS: GLTO),2014-11-03,2014,444.0,M&A,Oncology,Oncology,Actual,"Galectin-3 inhibitor GB-1211 for IPF, NASH, fibrosis-driven tumours",,,,,
NVS,Novartis,Aspen Pharmacare (apanese Generics,2019-11-11,2019,443.9,M&A,Gene/Cell Therapy,Generics,Actual,Portfolio of c. 20 off-patent anaesthetic & specialty brands to expand Sandoz footprint in Japan’s hospital channel (fiercepharma.com),,,,,
AZN,AstraZeneca,Omthera Pharmaceuticals,2013-07-18,2013,443.0,M&A,Cardiovascular/Metabolic,Cardiovascular/Hematology,Estimated,Epanova® (omega-3 carboxylic acids) for severe hypertriglyceridaemia,,,,,
ABBV,AbbVie,Facet Biotech,2010-04-21,2010,430.0,M&A,Immunology,Immunology,Actual,Daclizumab anti-CD25 mAb for MS; early bispecific oncology assets,,,,,
ROG,Roche,GeneWeave Biosciences,2015-08-14,2015,427.0,M&A,Diagnostics,Diagnostics,Actual,"Smarticles® rapid phenotypic ID & antibiotic-susceptibility testing platform (genengnews.com, genomeweb.com)",,,,,
NVS,Novartis,Calypso Biotech,2024-01-07,2024,425.0,M&A,Immunology,Immunology,Actual,"CALY-002 first-in-class anti-IL-15 mAb for celiac disease, eosinophilic oesophagitis & other barrier disorders; adds cytokine expertise (marketscreener.com)",,,,,
NVS,Novartis,NeuTec Pharma,2006-07-14,2006,422.9,M&A,Other,Infectious Disease,Actual,Mycograb™ (anti-Candida) & Aurograb™ (anti-MRSA) antibody pipeline to strengthen hospital anti-infective franchise (fiercebiotech.com),,,,,
MRK,Merck & Co,Inspire Pharmaceuticals,2011-05-16,2011,420.0,M&A,Ophthalmology,Ophthalmology,Estimated,Diquafosol & ocular-surface therapies for dry-eye disease,,,,,
NVS,Novartis,Ziarco,2017-01-20,2017,420.0,M&A,Immunology,Immunology,Actual,"ZPL-389 oral H4-receptor antagonist in Ph II for atopic dermatitis & psoriasis, bolstering eczema pipeline (genengnews.com)",,,,,
ROG,Roche,Promedior,2020-02-13,2020,414.0,M&A,Respiratory,Respiratory/Fibrosis,Actual,"PRM-151 (recombinant pentraxin-2) for idiopathic pulmonary fibrosis & myelofibrosis (prnewswire.com, prnewswire.com)",,,,,
LLY,Eli Lilly,Hypnion,2007-04-03,2007,413.0,M&A,CNS/Neurology,Cns,Actual,Orexin antagonists,,,,,
AMGN,Amgen,Dezima Pharma,2015-10-14,2015,410.0,M&A,Cardiovascular/Metabolic,Cardiovascular,Actual,Obicetrapib: An oral CETP inhibitor for high cholesterol.,,,,,
SNY,Sanofi,Vigil Neuro (NAS: VIGL),2025-08-05,2025,405.9,M&A,CNS/Neurology,Cns,Actual,VG-3927 oral TREM2 agonist to enhance microglial neuro-protection in Alzheimer’s (sanofi.com),,,,,
NVS,Novartis,Protez Pharmaceuticals,2008-06-04,2008,402.0,M&A,Other,Infectious Disease,Actual,PZ-601 (razupenem) IV carbapenem active vs. MRSA & other resistant Gram-positive pathogens (biospace.com),,,,,
PFE,Pfizer,FoldRx Pharmaceuticals,2010-10-06,2010,400.0,M&A,Other,Other,Actual,Tafamidis (ATTR amyloidosis) – orphan small-molecule stabiliser (fiercebiotech.com),,,,,
MRK,Merck & Co,GlycoFi,2006-06-30,2006,400.0,M&A,Other,Other,Actual,Yeast glyco-engineering for human-like antibody glycosylation,,,,,
LLY,Eli Lilly,Hybritech,1986-03-19,1986,400.0,M&A,Diagnostics,Diagnostics,Actual,PSA assay & antibody tech,,,,,
MRK,Merck & Co,IOmet Pharma,2016-01-11,2016,400.0,M&A,Oncology,Oncology,Estimated,IDO1/TDO immuno-metabolism inhibitors for tumour immune evasion,,,,,
AMGN,Amgen,Decode Genetics,2012-12-10,2012,399.0,M&A,Other,Platform,Actual,Human genetics and population genomics platform for target discovery.,,,,,
AMGN,Amgen,llypsa,2007-07-18,2007,398.0,M&A,Other,Renal,Actual,Non-absorbed polymer drugs for hyperphosphatemia.,,,,,
AZN,AstraZeneca,Neogene Therapeutics,2023-01-16,2023,387.0,M&A,Gene/Cell Therapy,Gene/Cell Therapy,Estimated,Personalised TCR-T cell therapies targeting neo-antigens in solid tumours (astrazeneca.com),,,,,
SNY,Sanofi,Bmp Sunstone,2011-02-24,2011,384.0,M&A,Consumer Health,Consumer-Health,Actual,"OTC paediatric cough-&-cold brands (e.g., Goodbaby) – CHC beach-head in mainland China",,,,,
MRK,Merck & Co,Wiralytics,2018-06-20,2018,378.7,M&A,Oncology,Oncology,Actual,Cavatak® (CVA21) oncolytic virus for melanoma & solid tumours,,,,,
BMY,Bristol Myers Squibb,Amira Pharmaceuticals,2011-09-07,2011,375.0,M&A,Respiratory,Respiratory,Actual,LPA1 inhibitor (ziritaxestat) for IPF & asthma,,,,,
MRK,Merck & Co,OncoEthix,2014-12-18,2014,375.0,M&A,Oncology,Oncology,Estimated,BET-bromodomain inhibitor OTX-015 (MK-8628) for haematologic cancers,,,,,
AZN,AstraZeneca,KuDOS Pharmaceuticals,2006-01-31,2006,371.7,M&A,Oncology,Oncology,Actual,PARP-1 inhibitor olaparib (Lynparza®) cornerstone of DNA-damage franchise,,,,,
MRK,Merck & Co,NovaCardia,2007-09-11,2007,366.4,M&A,Cardiovascular/Metabolic,Cardiovascular/Hematology,Actual,Rolofylline (A1-receptor antagonist) for acute heart-failure diuresis,,,,,
SNY,Sanofi,Kiadis Pharma,2021-04-16,2021,365.2,M&A,Oncology,Oncology,Actual,"Off-the-shelf NK-cell platform (K-NK92 & K-003) for heme-onc combos (sanofi.com, fiercebiotech.com)",,,,,
PFE,Pfizer,InnoPharma,2014-09-24,2014,360.0,M&A,Other,Biosimilars,Actual,503B compounder & US ANDA pipeline for hospital generics (pfizer.com),,,,,
AZN,AstraZeneca,Novexel,2010-01-01,2010,350.0,M&A,Other,Other,Actual,Avibactam β-lactamase inhibitor (Zavicefta®) bolsters anti-resistance antibiotic line-up,,,,,
ROG,Roche,Genia Technologies,2014-06-03,2014,350.0,M&A,Other,Sequencing,Actual,"Single-molecule semiconductor nanopore sequencer for long, low-cost reads (assets.roche.com)",,,,,
SNY,Sanofi,Bioenvision,2007-10-23,2007,345.0,M&A,Oncology,Oncology,Actual,Clofarabine (Clolar®) for paediatric ALL,,,,,
AMGN,Amgen,KAl Pharmaceuticals,2012-07-05,2012,332.0,M&A,Other,Renal,Actual,Parsabiv (etelcalcetide): A calcimimetic for secondary hyperparathyroidism in CKD patients.,,,,,
ABBV,AbbVie,Nimble Therapeutics,2025-01-23,2025,330.0,M&A,Immunology,Immunology,Actual,Cell-free peptide-library engine; oral IL-23R inhibitor for psoriasis,,,,,
NVS,Novartis,Corthera,2010-02-03,2010,327.0,M&A,Cardiovascular/Metabolic,Cardiovascular/Metabolic,Actual,"Serelaxin recombinant human relaxin for acute decompensated heart failure (fast-track, Phase III) (fiercebiotech.com)",,,,,
GSK,GSK,Okairos,2013-05-29,2013,324.4,M&A,Vaccines,Vaccines,Actual,Adenovirus-based vaccine platform for inducing T-cell immune responses.,,,,,
JNJ,Johnson & Johnson,Tibotec-Virco,2002-04-18,2002,320.0,M&A,Other,Infectious Disease,Actual,HIV protease & NNRTI pipeline (darunavir) plus Virco resistance-testing platform,,,,,
PFE,Pfizer,Excaliard Pharmaceuticals,2011-12-02,2011,316.0,M&A,Dermatology/Aesthetics,Dermatology,Actual,EXC-001 antisense CTGF inhibitor to prevent post-surgical scarring (pfizer.com),,,,,
BMY,Bristol Myers Squibb,UPSA,1994-07-31,1994,315.3,M&A,Consumer Health,Consumer Health,Actual,French OTC analgesic/antipyretic brands led by Efferalgan®,,,,,
NVS,Novartis,Spinifex Pharmaceuticals,2015-07-24,2015,312.0,M&A,CNS/Neurology,Cns,Actual,EMA-401 AT2-receptor antagonist – first-in-class oral analgesic for neuropathic pain without CNS side-effects (novartis.com),,,,,
AZN,AstraZeneca,Verus Pharmaceuticals,2007-09-24,2007,310.0,M&A,Respiratory,Respiratory,Estimated,Paediatric asthma & epinephrine autoinjector (Verus Epi) assets,,,,,
LLY,Eli Lilly,CrossBridge Bio,2026-04-14,2026,300.0,M&A,Oncology,Oncology (dual-payload ADC; lead CBB-120,Actual,,https://www.biopharmadive.com/news/lilly-crossbridge-acquire-deal-antibody-drug-conjugates/817421/,,,M&A,MEDIUM
AMGN,Amgen,Alantos Pharmaceuticals Holding,2007-07-16,2007,300.0,M&A,Cardiovascular/Metabolic,Cardiovascular,Actual,DPP-IV inhibitor program for type 2 diabetes.,,,,,
PFE,Pfizer,PowderMed,2006-10-09,2006,300.0,M&A,Vaccines,Vaccines,Actual,Needle-free micro-projection DNA-vaccine technology for pandemic flu (theguardian.com),,,,,
GSK,GSK,Corixa,2005-04-29,2005,300.0,M&A,Vaccines,Vaccines,Actual,MPL (AS04) adjuvant system.,,,,,
AZN,AstraZeneca,Sixpeaks Bio,2025-10-22,2025,300.0,M&A,Other,Obesity,Actual,Achieving weight loss supported by GLP1 RAs,,,,,
JNJ,Johnson & Johnson,Peninsula Pharmaceuticals,2005-06-30,2005,300.0,M&A,Other,Infectious Disease,Actual,Doribax® (doripenem) carbapenem for hospital Gram-negative infections,,,,,
ABBV,AbbVie,DJS Antibodies,2022-10-19,2022,287.0,M&A,Immunology,Immunology,Actual,DJS-002 first-in-class anti-LPA1 antibody for idiopathic pulmonary fibrosis,,,,,
NVS,Novartis,Vedere Bio,2020-09-01,2020,280.0,M&A,Gene/Cell Therapy,Gene Therapy,Actual,Optogenetic AAV platform + two pre-clinical vision-restoration programs for inherited retinal dystrophies & GA (novartis.com),,,,,
LLY,Eli Lilly,Alnara Pharmaceuticals,2010-07-20,2010,277.6,M&A,Other,Other,Actual,Liprotamase (pancreatic ERT),,,,,
AMGN,Amgen,Avidia,2006-10-24,2006,275.0,M&A,Other,Platform,Actual,"""Avimer"" protein therapeutics platform.",,,,,
NVS,Novartis,Reprixys Pharmaceuticals,2016-11-18,2016,268.0,M&A,Cardiovascular/Metabolic,Hematology,Actual,Crizanlizumab (SEG-101) anti-P-selectin mAb – disease-modifying therapy to cut vaso-occlusive crises in sickle-cell disease (sicklecellanemianews.com),,,,,
NVS,Novartis,Admune Therapeutics,2015-10-16,2015,258.0,M&A,Oncology,Immuno-Oncology (I/O),Actual,Heterodimeric IL-15 agonist (NK/T-cell activator) for solid-tumour immunotherapy; complements CAR-T & checkpoint portfolio (novartis.com),,,,,
AMGN,Amgen,Amgen Boulder,1994-12-22,1994,254.5,M&A,Other,Other,Actual,Small molecule research and manufacturing site (formerly Synergen).,,,,,
GSK,GSK,Laboratorios Phoenix,2010-06-10,2010,252.3,M&A,Other,Other,Actual,An Argentine pharmaceutical company with branded generics.,,,,,
ABBV,AbbVie,Celsius Therapeutics,2024-06-27,2024,250.0,M&A,Immunology,Immunology,Actual,CEL383 anti-TREM1 antibody (IBD) from single-cell multi-omics platform,,,,,
ROG,Roche,Stratos Genomics,2020-05-20,2020,250.0,M&A,Other,Sequencing,Actual,"Sequencing-by-Expansion™ (SBX) chemistry powering Roche’s future nanopore system (roche.com, biospace.com)",,,,,
ROG,Roche,Good Therapeutics,2022-08-18,2022,250.0,M&A,Immunology,Immunology,Actual,"Conditionally active, PD-1-regulated IL-2 agonist & platform for tunable cytokines (businesswire.com, ppf.eu)",,,,,
ROG,Roche,Anadys Pharmaceuticals,2011-11-23,2011,250.0,M&A,Other,Infectious Disease,Actual,Setrobuvir (ANA-598) NS5B inhibitor for oral hepatitis-C combos (prnewswire.com),,,,,
PFE,Pfizer,Orchid Chemicals&Pharmaceuticals(A,2014-07-04,2014,248.0,M&A,Anti-Infectives,Anti-Infectives,Actual,Hospira-owned cephalosporin API & carbapenem fill-finish plant feeding Pfizer’s sterile-injectable chain (en.wikipedia.org),,,,,
NVS,Novartis,CoStim Pharmaceuticals,2014-02-17,2014,248.0,M&A,Oncology,Immuno-Oncology (I/O),Actual,Early PD-1/PD-L1 & other checkpoint antibodies to power next-gen I-O combinations with Novartis CART & targeted therapies (fiercebiotech.com),,,,,
MRK,Merck & Co,Immune Design,2019-04-02,2019,245.5,M&A,Immunology,Immunology,Estimated,GLAAS® adjuvant & ZVex® vectors powering cancer vaccines,,,,,
JNJ,Johnson & Johnson,TransForm Pharmaceuticals,2005-05-03,2005,230.0,M&A,Other,Other,Actual,Crystallization screening & solid-state formulation technology,,,,,
GSK,GSK,Astrazeneca Tika,2008-11-20,2008,224.3,M&A,Other,Manufacturing,Actual,A Swedish manufacturing site for sterile products.,,,,,
MRK,Merck & Co,Provantage Health Services,2000-05-05,2000,222.0,M&A,Other,Other,Actual,PBM / speciality-pharmacy distribution capabilities (folded into Medco),,,,,
AZN,AstraZeneca,FibroGen (China),2025-09-02,2025,220.0,M&A,Cardiovascular/Metabolic,Cardiovascular/Hematology,Actual,"Roxadustat HIF-PHI for anaemia in CKD; gives AZ full control in China (investor.fibrogen.com, globenewswire.com)",,,,,
LLY,Eli Lilly,Mablink,2023-12-01,2023,217.5,M&A,Oncology,Oncology,Actual,PSARLink™ hydrophilic linker for high-DAR ADCs (biospace.com),,,,,
SNY,Sanofi,Novazyme PharmaceuticalsTargeGen,2001-09-27,2001,215.4,M&A,Rare Disease,Rare Disease,Actual,Recombinant GAA programme for Pompe disease (became Myozyme® adjunct),,,,,
ABBV,AbbVie,Landos Biopharma,2024-05-23,2024,212.5,M&A,Immunology,Immunology,Actual,NX-13 oral NLRX1 agonist for ulcerative colitis & Crohn’s,,,,,
GSK,GSK,Bristol-Myers Squibb (Egypt Business),2008-10-15,2008,210.0,M&A,Other,Other,Actual,A portfolio of branded generic medicines in the MENA region.,,,,,
MRK,Merck & Co,Abceutics,2024-04-05,2024,208.0,M&A,Oncology,Oncology,Actual,Payload-Binding Selectivity Enhancer to improve ADC safety,,,,,
AMGN,Amgen,Bergamo Laboratory,2011-04-07,2011,204.4,M&A,Other,Other,Actual,A Brazilian pharmaceutical company with a focus on oncology.,,,,,
NVO,Novo Nordisk,Novavax CZ,2024-12-30,2024,202.6,M&A,Other,Manufacturing Capacity,Actual,Fill-finish plant to scale Wegovy® & future injectables (ir.novavax.com),,,,,
LLY,Eli Lilly,Engage Biologics,2026-05-20,2026,202.0,M&A,Gene/Cell Therapy,Genetic medicine (non-viral DNA delivery,Actual,,https://www.biopharmadive.com/news/lilly-engage-bio-acquisition-LNPs-genetic-medicines/820736/,,,M&A,HIGH
SNY,Sanofi,TargeGen,2010-07-21,2010,201.0,M&A,Oncology,Oncology,Actual,TG-101348 (fedratinib) JAK2 inhibitor for myelofibrosis,,,,,
PFE,Pfizer,Serenex,2008-04-01,2008,200.0,M&A,Oncology,Oncology,Actual,Oral Hsp90 inhibitor SNX-5422 and chaperone-biology discovery engine (en.wikipedia.org),,,,,
NVS,Novartis,Tianyuan Bio-Pharmaceutical,2011-03-22,2011,194.0,M&A,Vaccines,Vaccines,Actual,85 % stake in Chinese vaccine maker – local manufacturing base & entry platform for Novartis human vaccines in China (genengnews.com),,,,,
BMY,Bristol Myers Squibb,Kosan Biosciences,2008-06-01,2008,191.0,M&A,Oncology,Oncology,Actual,Hsp90 inhibitor tanespimycin & epothilone-D microtubule agents,,,,,
GSK,GSK,GlycoVaxyn,2015-02-11,2015,190.0,M&A,Vaccines,Vaccines,Actual,Bioconjugation technology platform to develop vaccines against complex bacterial pathogens.,,,,,
ROG,Roche,AntlerA,2024-07-26,2024,184.4,M&A,Ophthalmology,Ophthalmology,Actual,ANT-638 Wnt-agonist antibody for retinal vascular disease (roche.com),,,,,
ROG,Roche,GLYCART Biotechnology,2005-07-19,2005,183.4,M&A,Oncology,Oncology,Actual,"Glyco-engineered anti-CD20 mAb GA101 (obinutuzumab, Gazyva®) platform (roche.com)",,,,,
AMGN,Amgen,Nuevolution,2019-07-15,2019,183.0,M&A,Other,Platform,Actual,DNA-encoded library (DEL) platform for small molecule discovery.,,,,,
ABBV,AbbVie,West Pharmaceutical Services (WST) — Tempe AZ facility + IP,2026-01-12,2026,175.0,BD,Diagnostics,Drug-delivery / device manufacturing fac,Actual,,"https://news.abbvie.com/2026-01-12-AbbVie-to-Acquire-Arizona-Manufacturing-Facility,-Further-Strengthening-Manufacturing-Capabilities-in-the-United-States",,0.0,other,HIGH
AMGN,Amgen,Kinetix Pharmaceuticals,2000-12-14,2000,172.2,M&A,Other,Platform,Actual,Protein kinase inhibitor discovery platform.,,,,,
SNY,Sanofi,Origimm,2021-12-03,2021,170.9,M&A,Vaccines,Vaccines,Actual,ORI-001 first-in-class acne vaccine targeting C. acnes virulence factors (reuters.com),,,,,
PFE,Pfizer,Coley Pharmaceutical Group,2008-01-25,2008,164.0,M&A,Oncology,Oncology,Actual,TLR-9 agonist (CpG 7909) adjuvant platform for cancer & vaccines (pfizer.com),,,,,
PFE,Pfizer,Javelin Pharmaceuticals,2010-07-01,2010,161.9,M&A,CNS/Neurology,Cns,Actual,IV diclofenac (Dyloject®) & nasal sufentanil; folded into Hospira analgesics (en.wikipedia.org),,,,,
ROG,Roche,Piramed Pharma,2008-04-15,2008,160.0,M&A,Oncology,Oncology,Actual,PI3K-δ & PI3K-γ inhibitors (idelalisib-class) for hematologic malignancies (cen.acs.org),,,,,
JNJ,Johnson & Johnson,ColBar LifeScience,2006-07-06,2006,159.0,M&A,Dermatology/Aesthetics,Aesthetics,Actual,Evolence® collagen filler technology for facial rejuvenation,,,,,
PFE,Pfizer,Embrex,2006-11-16,2006,155.0,M&A,Vaccines,Vaccines,Actual,In-ovo poultry-vaccine delivery (Inovoject®) re-opens poultry franchise (biospace.com),,,,,
ROG,Roche,454 Life Sciences,2007-03-29,2007,154.0,M&A,Other,Sequencing,Actual,First commercial next-gen sequencer (pyrosequencing) kick-starting Roche 454 unit (cen.acs.org),,,,,
AZN,AstraZeneca,Arrow Therapeutics,2007-02-01,2007,149.6,M&A,Other,Other,Actual,Ribavirin-like antivirals for RSV & hepatitis C,,,,,
MRK,Merck & Co,SmartCells,2010-12-03,2010,138.0,M&A,Other,Endocrinology,Actual,Glucose-responsive “SmartInsulin” for type-1 & type-2 diabetes,,,,,
SNY,Sanofi,Nepentes Pharma,2010-05-19,2010,136.7,M&A,Consumer Health,Consumer-Health,Actual,Emolium emollient line & OTC dermatology brands – CEE CHC expansion,,,,,
NVS,Novartis,Vedere Bio ll,2020-10-29,2020,130.0,M&A,Gene/Cell Therapy,Gene Therapy,Actual,Optogenetic AAV platform and two preclinical programs for treating inherited retinal dystrophies and geographic atrophy,,,,,
JNJ,Johnson & Johnson,3-Dimensional Pharmaceuticals,2003-03-28,2003,129.7,M&A,Other,Other,Actual,Structural chemogenomics & pharmacophore modeling toolbox,,,,,
ROG,Roche,Igen International,2004-02-16,2004,126.8,M&A,Diagnostics,Diagnostics,Actual,Electro-chemiluminescence detection technology (basis of cobas e analyzers) (roche.com),,,,,
ROG,Roche,CAPP Medical,2015-04-09,2015,125.0,M&A,Diagnostics,Diagnostics,Actual,Ultra-sensitive ctDNA assay for minimal-residual disease monitoring in cancer (genomeweb.com),,,,,
PFE,Pfizer,Meridica,2004-09-22,2004,125.0,M&A,Other,Other,Actual,Dry-powder inhaler device for asthma/COPD combo pipeline (sec.gov),,,,,
ROG,Roche,Mirus Bio,2008-07-22,2008,125.0,M&A,Gene/Cell Therapy,Gene Therapy,Actual,"Dynamic poly-conjugate delivery for RNAi & siRNA drugs, incl. hepatitis B project (cen.acs.org)",,,,,
SNY,Sanofi,Universal Medicare,2011-11-01,2011,124.3,M&A,Consumer Health,Consumer-Health,Actual,"40-brand OTC vitamins & joint-health range – gave Sanofi its first sizeable CHC platform in India (reuters.com, asianscientist.com)",,,,,
NVS,Novartis,Nektar Therapeutics (Pulmonary Drug,2008-12-31,2008,115.0,M&A,Respiratory,Respiratory,Actual,Dry-powder & liquid inhalation tech + TIP-Tobramycin program for CF; enhances respiratory drug-delivery capabilities (ir.nektar.com),,,,,
ABBV,AbbVie,Mitokinin,2023-10-04,2023,110.0,M&A,CNS/Neurology,Cns,Actual,PINK1 activator series aiming at disease-modifying Parkinson’s therapy,,,,,
SNY,Sanofi,Globalpharma,2014-06-26,2014,104.8,M&A,Gene/Cell Therapy,Generics,Actual,Local branded-generics respiratory & diabetes portfolio—Gulf expansion (sanofi.com),,,,,
ROG,Roche,Structure Therapeutics — GLP-1 patent license (CT-996),2026-01-05,2026,100.0,BD,Cardiovascular/Metabolic,Obesity / metabolic — GLP-1 (defensive n,Actual,,https://www.sec.gov/Archives/edgar/data/1888886/000110465926043425/tm2611763d1_ex99-1.htm,100.0,0.0,BD-license,MEDIUM
GSK,GSK,Cellzome,2012-05-15,2012,99.0,M&A,Other,Platform,Actual,Chemoproteomics platform for target and drug discovery.,,,,,
JNJ,Johnson & Johnson,OraPharma,2003-02-10,2003,85.0,M&A,Other,Other,Actual,Arestin® minocycline microspheres for periodontal disease,,,,,
LLY,Eli Lilly,Sigilon Therapeutics,2023-08-11,2023,81.8,M&A,Cardiovascular/Metabolic,Cardiovascular/Metabolic,Actual,SIG-002 encapsulated islet-cell therapy (investor.lilly.com),,,,,
AMGN,Amgen,Amgen Dompé,2008-01-04,2008,81.5,M&A,Other,Other,Actual,Buyout of a joint venture in Italy.,,,,,
MRK,Merck & Co,Abmaxis,2006-06-30,2006,80.0,M&A,Other,Other,Actual,AISIM™ in-silico antibody-engineering technology,,,,,
LLY,Eli Lilly,Aurka Pharma,2018-05-14,2018,66.8,M&A,Oncology,Oncology,Actual,Alisertib Aurora-A inhibitor,,,,,
NVS,Novartis,[Triad Therapeutics Holdings,2004-12-13,2004,60.0,M&A,Other,Platform,Actual,Structure-based discovery of p38 MAPK kinase inhibitors (inflammation / oncology); R&D technology bolt-on (bioworld.com),,,,,
SNY,Sanofi,Sanofi Pasteur VaxDesign,2010-12-31,2010,60.0,M&A,Vaccines,Vaccines,Actual,MIMIC® “human immune-system-in-a-dish” high-throughput vaccine-screening technology,,,,,
GSK,GSK,Genelabs Technologies,2008-10-29,2008,57.0,M&A,Anti-Infectives,Anti-Infectives,Actual,Assets related to Hepatitis E virus.,,,,,
PFE,Pfizer,Icagen (Acquired),2011-10-28,2011,56.0,M&A,CNS/Neurology,Cns,Actual,Nav1.7/1.8 modulators for neuropathic pain & epilepsy (outsourcing-pharma.com),,,,,
GSK,GSK,Elsie Biotechnologies,2024-06-06,2024,51.0,M&A,Other,Platform,Actual,Oligonucleotide discovery and synthesis platform technology.,,,,,
GSK,GSK,PLIVA-lstrazivaěki Institut,2006-02-14,2006,50.0,M&A,Other,Other,Actual,A drug discovery research institute based in Croatia.,,,,,
ROG,Roche,Memory Pharmaceuticals,2008-12-31,2008,50.0,M&A,CNS/Neurology,Cns,Actual,Nicotinic-α7 receptor modulators for cognitive impairment in AD & schizophrenia (roche.com),,,,,
PFE,Pfizer,BIND Therapeutics,2016-08-01,2016,40.0,M&A,Oncology,Oncology,Actual,ACCURINS® targeted nanoparticles & mTOR-i (AVI-110) platform (pfizer.com),,,,,
GSK,GSK,Bristol-Myers Squibb Pakistan,2008-12-23,2008,36.5,M&A,Other,Other,Actual,Majority stake in BMS's Pakistan commercial operations.,,,,,
ROG,Roche,Signature Diagnostics,2015-02-12,2015,31.9,M&A,Diagnostics,Diagnostics,Actual,"Early-stage CRC, lung-cancer biomarker panels and biobank assets (genomeweb.com)",,,,,
PFE,Pfizer,CovX Research,2008-01-23,2008,23.0,M&A,Other,Other,Actual,CovX-Body™ peptide-antibody fusions for oncology & diabetes (pfizer.com),,,,,
GSK,GSK,Praecis Pharmaceuticals,2007-02-16,2007,21.7,M&A,Oncology,Oncology,Actual,PPI-2458: An oral METAP-2 inhibitor for non-Hodgkin's lymphoma.,,,,,
PFE,Pfizer,Synbiotics,2010-12-30,2010,20.0,M&A,Other,Other,Actual,Rapid ELISA / lateral-flow tests for companion- & food-animal diseases (pfizer.com),,,,,
ROG,Roche,innovatis,2009-03-16,2009,19.1,M&A,Diagnostics,Diagnostics,Actual,Automated cell-culture analyzers (Cedex) for bioprocess monitoring (roche.com),,,,,
PFE,Pfizer,BioCina,2006-10-04,2006,17.1,M&A,Other,Other,Actual,Not an acquisition: Pfizer sold its Adelaide biologics plant to CDMO BioCina in 2021 – excluded from buy-side totals (bioprocessintl.com),,,,,
NVO,Novo Nordisk,Embark Biotech,2023-08-30,2023,16.4,M&A,Cardiovascular/Metabolic,Cardiovascular/Metabolic,Actual,"Pre-clinical appetite-regulation peptides; three-year discovery pact (pmlive.com, investopedia.com)",,,,,
NVS,Novartis,Grandis Biotech,2000-04-10,2000,15.7,M&A,Gene/Cell Therapy,Generics,Actual,72 % stake in German generics producer to broaden Sandoz EU portfolio (CHF 26 m) (sec.gov),,,,,
AMGN,Amgen,Catherex,2015-12-21,2015,10.5,M&A,Oncology,Oncology,Actual,Next-generation oncolytic immunotherapy.,,,,,
GSK,GSK,Spectra Biomedical,1997-06-01,1997,9.0,M&A,Other,Platform,Actual,Gene discovery platform for identifying disease-related genes.,,,,,
SNY,Sanofi,Cell Genesys (San Diego ManufacturingDren-0201,2005-11-22,2005,3.2,M&A,Oncology,Oncology,Actual,GMP vector facility for GVAX cancer-vaccine programmes,,,,,
NVS,Novartis,Zonsen PepLib Biotech — radioligand therapy asset,2026-01-12,2026,0.0,BD,Oncology,Oncology / radioligand therapy (peptide-,Actual,,https://www.businesswire.com/news/home/20260112577341/en/Zonsen-PepLib-Biotech-and-Novartis-Sign-Worldwide-License-Agreement-regarding-Radioligand-Therapy-Asset,50.0,,BD-license,HIGH
ROG,Roche,MediLink Therapeutics — YL201 B7H3 ADC,2026-01-08,2026,0.0,BD,Oncology,Oncology — B7H3 ADC (solid tumors); ex-C,Actual,,https://www.prnewswire.com/news-releases/medilink-has-signed-an-additional-exclusive-licensing-agreement-with-roche-302656495.html,570.0,,BD-license,HIGH
GSK,GSK,Helix,2026-01-07,2026,0.0,BD,Gene/Cell Therapy,Precision medicine / human genetics & ge,Actual,,https://www.prnewswire.com/news-releases/helix-announces-multi-year-strategic-collaboration-with-gsk-to-drive-precision-medicine-development-302654760.html,,,BD-collaboration,HIGH
ABBV,AbbVie,Forge Genetics — 'Forge Editing' non-CRISPR platform,2026-03-13,2026,0.0,BD,Gene/Cell Therapy,Platform / gene editing (research-tool l,Actual,,https://www.thebusinessdesk.com/eastmidlands/news/2108205-nottingham-biotech-lands-licensing-deal-with-pharma-giant-abbvie,,,BD-license,MEDIUM
JNJ,Johnson & Johnson,Nosis Bio (Nosis Biosciences),2026-03-24,2026,0.0,BD,CNS/Neurology,Neurology (+ one undisclosed second TA);,Actual,,https://www.nosisbio.com/news/nosis-bio-enters-into-strategic-collaboration-with-johnson-johnson,,,BD-collaboration,MEDIUM
ROG,Roche,Medicines Patent Pool — Xofluza / baloxavir access license,2026-05-18,2026,0.0,BD,Gene/Cell Therapy,Antiviral / influenza — generic baloxavi,Actual,,https://medicinespatentpool.org/news-publications-post/mpp-and-roche-sign-licence-agreement-to-expand-access-to-influenza-treatment-in-low-and-middle-income-countries,,,BD-license,HIGH
JNJ,Johnson & Johnson,Atraverse Medical,2026-04-24,2026,0.0,M&A,Diagnostics,MedTech / cardiac ablation (left-heart a,Actual,,https://www.jnjmedtech.com/en-US/news/press-releases/johnson-johnson-enters-agreement-to-acquire-atraverse-medical/,,,M&A,HIGH
NVO,Novo Nordisk,OpenAI — AI for drug discovery/delivery,2026-04-14,2026,0.0,BD,Other,Enterprise AI / drug-discovery technolog,Actual,,https://www.biospace.com/press-releases/novo-nordisk-and-openai-partner-to-transform-how-medicines-are-discovered-and-delivered,,,other,MEDIUM
GSK,GSK,Nuvalent,2026-06-09,2026,10600.0,M&A,Oncology,"Oncology/NSCLC (ROS1 zidesamtinib + ALK neladalkib, both FDA-filed)",Actual,"Tender offer + back-end merger; $124/sh, 40% premium; $9.4bn net of cash. GSK largest-ever buy.",https://www.gsk.com/en-gb/media/press-releases/gsk-enters-agreement-to-acquire-nuvalent-inc/,,,M&A,HIGH
JNJ,Johnson & Johnson,Firefly Bio,2026-06-08,2026,1000.0,M&A,Oncology,"Oncology (Firelink degrader-antibody-conjugate / DAC platform, KRAS)",Actual,"Definitive agreement, all-cash; expands DAC oncology pipeline.",https://www.jnj.com/media-center/press-releases/johnson-johnson-to-acquire-firefly-bio-inc-to-expand-oncology-pipeline-with-novel-degrader-antibody-conjugate-platform,,,M&A,HIGH
ROG,Roche,Nurix Therapeutics (NRIX) — bexobrutideg BTK degrader,2026-06-08,2026,2300.0,BD,Oncology,"Heme/Immunology/Neurology — BTK degrader, co-dev/co-commercialize (40/60 cost split)",Actual,"$700M upfront; up to $2.3B; Nurix co-commercializes US, Roche ex-US",https://www.roche.com/media/releases/med-cor-2026-06-08,700.0,1600.0,BD-license,HIGH
NVS,Novartis,Orionis Biosciences — molecular glue (Allo-Glue platform),2026-06-10,2026,1440.0,BD,Other,Molecular glue discovery (challenging targets) — Allo-Glue + AI platform,Actual,$40M upfront; up to $1.4B milestones; 2nd Novartis-Orionis deal,https://www.businesswire.com/news/home/20260610224927/en/Orionis-Biosciences-Announces-Strategic-Collaboration-with-Novartis-to-Discover-and-Develop-Molecular-Glue-Medicines,40.0,1400.0,BD-collaboration,HIGH
LLY,Eli Lilly,AlzeCure Pharma (ALZCUR) — ACD680 γ-secretase modulator (Alzheimer's),2026-06-09,2026,1000.0,BD,CNS/Neurology,"Alzheimer's — gamma-secretase modulator (Alzstatin ACD680), preclinical, global rights",Actual,$10M upfront; >$1B total excl. royalties; heavily backloaded,https://www.alzecurepharma.se/en/alzecure-pharma-enters-into-a-collaboration-and-out-licensing-agreement-with-lilly-for-alzheimers-project/,10.0,990.0,BD-license,HIGH
MRK,Merck & Co,Protillion Biosciences — AI protein design (multi-target biologics discovery),2026-06-16,2026,510.0,BD,Other,AI lab-in-the-loop protein design — multi-target biologics discovery + license,Actual,up to $510M milestones; upfront undisclosed,https://www.protillion.com/protillion-merck-collaboration,,510.0,BD-collaboration,HIGH
ABBV,AbbVie,Apogee Therapeutics (APGE) — zumilokibart (APG777) anti-IL-13 mAb for atopic dermatitis + APG333/APG273 (anti-TSLP combo),2026-06-22,2026,10900.0,M&A,Immunology,Atopic dermatitis & type-2 inflammation — extended half-life anti-IL-13 mAb zumilokibart (APG777); APG273 = APG777+APG333 (anti-TSLP) for asthma/COPD/CRSwNP,Actual,All-cash $135.11/share; equity value $10.9bn; implied EV ~$10.1bn net of cash/securities; debt-financed; Q3 2026E close; EPS accretive 2032 (dilutive ~$0.14 2026E /~$0.46 2027E); zumilokibart = primary value (AD),https://investors.apogeetherapeutics.com/news-releases/news-release-details/abbvie-acquire-apogee-therapeutics-deepening-immunology,10900.0,,M&A,HIGH
LLY,Eli Lilly,BioArctic (BIOA-B.ST) — BrainTransporter™ BBB delivery tech (undisclosed Lilly neurodegenerative compound),2026-06-22,2026,800.0,BD,CNS/Neurology,Neurodegeneration — BioArctic BrainTransporter shuttles an undisclosed Lilly compound across the blood-brain barrier; preclinical; global rights,Actual,$30M upfront; up to $800M total (incl. ~$770M milestones); research & collaboration combining a Lilly compound with BioArctic BrainTransporter™ BBB-delivery technology; preclinical,https://www.prnewswire.com/news-releases/bioarctic-and-lilly-sign-research-and-collaboration-agreement-combining-lilly-compound-with-bioarctics-braintransporter-technology-302806106.html,30.0,770.0,BD-collaboration,HIGH
